Decision,Revoke Completed,Application,Access Review,Certification Name,Tags,Identity,Identity DisplayName,Termination Date,Identity Inactive,SOX,GLBA,Account Name,Account Status,Entitlement Type,Entitlement Attribute,Entitlement Value,Role,Assignee Name,Assignee Email,Assignee Employee Status,Manager Name,Decision Maker,Decision Date,SignOff Date,WorkItemID,WorkItemIDArch,WorkItemComment,Assignee User Name
Approved,,SOX BSI - Non Person,Entitlement Owner Access Review for SOX BSI - Non Person,"2026 Q2 PAM BSI SOX Entitlement Owner Certification[7/23/26, 10:25:07 AM EDT]","2026 Q2, BSI, PAM, SOX",100303872,"Largo Martinez, Jesus",,False,No,No,APPACC_APPIAN_PRD,Account Removed,Entitlement Owner,Entitlement,AppAcc_Appian_PRD has privileged (Instance Role) access to ReconXpert Server:MIA-DC-SQL3 Instance:MIA-DC-SQL3 DB:N/A through role dbcreator.,,"Largo Martinez, Jesus",JLargoMartinez@bpi-gruposantander.com,A,"Monteiro De Castro Inuy, Patricia Correa","Largo Martinez, Jesus","7/24/26, 1:35 AM","7/24/26, 1:35 AM",,,,100303872
Approved,,SOX BSI - Non Person,Entitlement Owner Access Review for SOX BSI - Non Person,"2026 Q2 PAM BSI SOX Entitlement Owner Certification[7/23/26, 10:25:07 AM EDT]","2026 Q2, BSI, PAM, SOX",100045930,"Oliveros, Jose Manuel",,False,No,No,MIAGSNOW,Account Removed,Entitlement Owner,Entitlement,MIAGSNOW HAS PRIVILEGED ACCESS TO SOX APPLICATIONS VIA THE MIA.USA.SINVEST ENTERPRISE WIDE DOMAIN GROUP DOMAIN ADMINS,,"Oliveros, Jose Manuel",joliveros@bpi-gruposantander.com,A,"Bermudez Valdes, Luis","Oliveros, Jose Manuel","8/1/26, 11:48 AM","8/1/26, 11:48 AM",,,,100045930
Approved,,SOX BSI - Non Person,Entitlement Owner Access Review for SOX BSI - Non Person,"2026 Q2 PAM BSI SOX Entitlement Owner Certification[7/23/26, 10:25:07 AM EDT]","2026 Q2, BSI, PAM, SOX",100045930,"Oliveros, Jose Manuel",,False,No,No,MIAGSNOW,Account Removed,Entitlement Owner,Entitlement,MIAGSNOW HAS PRIVILEGED ACCESS TO SOX APPLICATIONS VIA THE MIA.USA.SINVEST ENTERPRISE WIDE DOMAIN GROUP ADMINISTRATORS,,"Oliveros, Jose Manuel",joliveros@bpi-gruposantander.com,A,"Bermudez Valdes, Luis","Oliveros, Jose Manuel","8/1/26, 11:48 AM","8/1/26, 11:48 AM",,,,100045930
Approved,,SOX BSI - Non Person,Entitlement Owner Access Review for SOX BSI - Non Person,"2026 Q2 PAM BSI SOX Entitlement Owner Certification[7/23/26, 10:25:07 AM EDT]","2026 Q2, BSI, PAM, SOX",100045930,"Oliveros, Jose Manuel",,False,No,No,MIAGSNOW,Account Removed,Entitlement Owner,Entitlement,MIAGSNOW HAS PRIVILEGED ACCESS TO SOX APPLICATIONS VIA THE MIA.USA.SINVEST ENTERPRISE WIDE DOMAIN GROUP WKSTADMIN,,"Oliveros, Jose Manuel",joliveros@bpi-gruposantander.com,A,"Bermudez Valdes, Luis","Oliveros, Jose Manuel","8/1/26, 11:48 AM","8/1/26, 11:48 AM",,,,100045930
Approved,,SOX BSI - Non Person,Entitlement Owner Access Review for SOX BSI - Non Person,"2026 Q2 PAM BSI SOX Entitlement Owner Certification[7/23/26, 10:25:07 AM EDT]","2026 Q2, BSI, PAM, SOX",100045930,"Oliveros, Jose Manuel",,False,No,No,MIAGSNOW,Account Removed,Entitlement Owner,Entitlement,MIAGSNOW HAS PRIVILEGED ACCES TO SOX APPLICATION RECONXPERT WITHIN LOCAL GROUP ADMINISTRATORS ON SERVER:MIA-DC-APP02 THROUGH BSI_US DOMAIN GROUP DOMAIN ADMINS.,,"Oliveros, Jose Manuel",joliveros@bpi-gruposantander.com,A,"Bermudez Valdes, Luis","Oliveros, Jose Manuel","8/1/26, 11:48 AM","8/1/26, 11:48 AM",,,,100045930
Approved,,SOX BSI - Non Person,Entitlement Owner Access Review for SOX BSI - Non Person,"2026 Q2 PAM BSI SOX Entitlement Owner Certification[7/23/26, 10:25:07 AM EDT]","2026 Q2, BSI, PAM, SOX",100045930,"Oliveros, Jose Manuel",,False,No,No,MIAGSNOW,Account Removed,Entitlement Owner,Entitlement,MIAGSNOW HAS PRIVILEGED ACCES TO SOX APPLICATION RECONXPERT WITHIN LOCAL GROUP ADMINISTRATORS ON SERVER:MIA-DC-SQL3 THROUGH BSI_US DOMAIN GROUP DOMAIN ADMINS.,,"Oliveros, Jose Manuel",joliveros@bpi-gruposantander.com,A,"Bermudez Valdes, Luis","Oliveros, Jose Manuel","8/1/26, 11:48 AM","8/1/26, 11:48 AM",,,,100045930
Approved,,SOX BSI - Non Person,Entitlement Owner Access Review for SOX BSI - Non Person,"2026 Q2 PAM BSI SOX Entitlement Owner Certification[7/23/26, 10:25:07 AM EDT]","2026 Q2, BSI, PAM, SOX",100045930,"Oliveros, Jose Manuel",,False,No,No,MIA-DC-SQL3-BSITADM,Account Removed,Entitlement Owner,Entitlement,MIA-DC-SQL3-BSITADM HAS PRIVILEGED ACCES TO SOX APPLICATION RECONXPERT WITHIN LOCAL GROUP ADMINISTRATORS ON SERVER:MIA-DC-SQL3.,,"Oliveros, Jose Manuel",joliveros@bpi-gruposantander.com,A,"Bermudez Valdes, Luis","Oliveros, Jose Manuel","8/1/26, 11:48 AM","8/1/26, 11:48 AM",,,,100045930
Approved,,SOX BSI - Non Person,Entitlement Owner Access Review for SOX BSI - Non Person,"2026 Q2 PAM BSI SOX Entitlement Owner Certification[7/23/26, 10:25:07 AM EDT]","2026 Q2, BSI, PAM, SOX",100045930,"Oliveros, Jose Manuel",,False,No,No,NETWRIX,Account Removed,Entitlement Owner,Entitlement,NETWRIX HAS PRIVILEGED ACCESS TO SOX APPLICATIONS VIA THE MIA.USA.SINVEST ENTERPRISE WIDE DOMAIN GROUP DOMAIN ADMINS,,"Oliveros, Jose Manuel",joliveros@bpi-gruposantander.com,A,"Bermudez Valdes, Luis","Oliveros, Jose Manuel","8/1/26, 11:48 AM","8/1/26, 11:48 AM",,,,100045930
Approved,,SOX BSI - Non Person,Entitlement Owner Access Review for SOX BSI - Non Person,"2026 Q2 PAM BSI SOX Entitlement Owner Certification[7/23/26, 10:25:07 AM EDT]","2026 Q2, BSI, PAM, SOX",100045930,"Oliveros, Jose Manuel",,False,No,No,NETWRIX,Account Removed,Entitlement Owner,Entitlement,NETWRIX HAS PRIVILEGED ACCESS TO SOX APPLICATIONS VIA THE MIA.USA.SINVEST ENTERPRISE WIDE DOMAIN GROUP ADMINISTRATORS,,"Oliveros, Jose Manuel",joliveros@bpi-gruposantander.com,A,"Bermudez Valdes, Luis","Oliveros, Jose Manuel","8/1/26, 11:48 AM","8/1/26, 11:48 AM",,,,100045930
Approved,,SOX BSI - Non Person,Entitlement Owner Access Review for SOX BSI - Non Person,"2026 Q2 PAM BSI SOX Entitlement Owner Certification[7/23/26, 10:25:07 AM EDT]","2026 Q2, BSI, PAM, SOX",100045930,"Oliveros, Jose Manuel",,False,No,No,NETWRIX,Account Removed,Entitlement Owner,Entitlement,NETWRIX HAS PRIVILEGED ACCESS TO SOX APPLICATIONS VIA THE MIA.USA.SINVEST ENTERPRISE WIDE DOMAIN GROUP WKSTADMIN,,"Oliveros, Jose Manuel",joliveros@bpi-gruposantander.com,A,"Bermudez Valdes, Luis","Oliveros, Jose Manuel","8/1/26, 11:48 AM","8/1/26, 11:48 AM",,,,100045930
Approved,,SOX BSI - Non Person,Entitlement Owner Access Review for SOX BSI - Non Person,"2026 Q2 PAM BSI SOX Entitlement Owner Certification[7/23/26, 10:25:07 AM EDT]","2026 Q2, BSI, PAM, SOX",100045930,"Oliveros, Jose Manuel",,False,No,No,NETWRIX,Account Removed,Entitlement Owner,Entitlement,NETWRIX has privileged (Instance Permission) access to ECO/eBanking Server:MIA-DC-PHOEBE Instance:PHOECDB DB:PHOECDB.,,"Oliveros, Jose Manuel",joliveros@bpi-gruposantander.com,A,"Bermudez Valdes, Luis","Oliveros, Jose Manuel","8/1/26, 11:48 AM","8/1/26, 11:48 AM",,,,100045930
Approved,,SOX BSI - Non Person,Entitlement Owner Access Review for SOX BSI - Non Person,"2026 Q2 PAM BSI SOX Entitlement Owner Certification[7/23/26, 10:25:07 AM EDT]","2026 Q2, BSI, PAM, SOX",100045930,"Oliveros, Jose Manuel",,False,No,No,MIA-DC-APP02-BSITADM,Account Removed,Entitlement Owner,Entitlement,MIA-DC-APP02-BSITADM HAS PRIVILEGED ACCES TO SOX APPLICATION RECONXPERT WITHIN LOCAL GROUP ADMINISTRATORS ON SERVER:MIA-DC-APP02.,,"Oliveros, Jose Manuel",joliveros@bpi-gruposantander.com,A,"Bermudez Valdes, Luis","Oliveros, Jose Manuel","8/1/26, 11:48 AM","8/1/26, 11:48 AM",,,,100045930
Approved,,SOX BSI - Non Person,Reassignment from 'Entitlement Owner Access Review for SOX BSI - Non Person' to Dayam Borges,"2026 Q2 PAM BSI SOX Entitlement Owner Certification[7/23/26, 10:25:07 AM EDT]","2026 Q2, BSI, PAM, SOX",100421410,"Heredia, Evelio Alejandro",,False,No,No,BSI_US-BATCHSERVACC,Account Removed,Entitlement Owner,Entitlement,BSI_US-BATCHSERVACC HAS PRIVILEGED ACCES TO SOX APPLICATION RECONXPERT WITHIN LOCAL GROUP ADMINISTRATORS ON SERVER:MIA-DC-APP02.,,"Borges, Dayam",dborges@bpi-gruposantander.com,A,"Borges, Dayam","Borges, Dayam","8/6/26, 6:16 PM","8/6/26, 6:16 PM",,,,100046297
Approved,,SOX BSI - Non Person,Reassignment from 'Entitlement Owner Access Review for SOX BSI - Non Person' to Dayam Borges,"2026 Q2 PAM BSI SOX Entitlement Owner Certification[7/23/26, 10:25:07 AM EDT]","2026 Q2, BSI, PAM, SOX",100421410,"Heredia, Evelio Alejandro",,False,No,No,_SMSYSADMIN_,Account Removed,Entitlement Owner,Entitlement,_SMSYSADMIN_ has privileged (Instance Role) access to ReconXpert Server:MIA-DC-SQL3 Instance:MIA-DC-SQL3 DB:N/A through role securityadmin.,,"Borges, Dayam",dborges@bpi-gruposantander.com,A,"Borges, Dayam","Borges, Dayam","8/6/26, 6:16 PM","8/6/26, 6:16 PM",,,,100046297
Approved,,SOX BSI - Non Person,Reassignment from 'Entitlement Owner Access Review for SOX BSI - Non Person' to Dayam Borges,"2026 Q2 PAM BSI SOX Entitlement Owner Certification[7/23/26, 10:25:07 AM EDT]","2026 Q2, BSI, PAM, SOX",100421410,"Heredia, Evelio Alejandro",,False,No,No,NEW_DBADMIN,Account Removed,Entitlement Owner,Entitlement,new_dbadmin has privileged (Instance Role) access to ReconXpert Server:MIA-DC-SQL3 Instance:MIA-DC-SQL3 DB:N/A through role sysadmin.,,"Borges, Dayam",dborges@bpi-gruposantander.com,A,"Borges, Dayam","Borges, Dayam","8/6/26, 6:16 PM","8/6/26, 6:16 PM",,,,100046297
Approved,,SOX BSI - Non Person,Reassignment from 'Entitlement Owner Access Review for SOX BSI - Non Person' to Dayam Borges,"2026 Q2 PAM BSI SOX Entitlement Owner Certification[7/23/26, 10:25:07 AM EDT]","2026 Q2, BSI, PAM, SOX",100421410,"Heredia, Evelio Alejandro",,False,No,No,NEW_DBADMIN,Account Removed,Entitlement Owner,Entitlement,new_dbadmin has privileged (DBO) access to ReconXpert Server:MIA-DC-SQL3 Instance:MIA-DC-SQL3 DB:ReconXpert through role DBO.,,"Borges, Dayam",dborges@bpi-gruposantander.com,A,"Borges, Dayam","Borges, Dayam","8/6/26, 6:16 PM","8/6/26, 6:16 PM",,,,100046297
Approved,,SOX BSI - Non Person,Reassignment from 'Entitlement Owner Access Review for SOX BSI - Non Person' to Dayam Borges,"2026 Q2 PAM BSI SOX Entitlement Owner Certification[7/23/26, 10:25:07 AM EDT]","2026 Q2, BSI, PAM, SOX",100421410,"Heredia, Evelio Alejandro",,False,No,No,MIAZERTOVC,Account Removed,Entitlement Owner,Entitlement,MIAZERTOVC HAS PRIVILEGED ACCESS TO SOX APPLICATIONS VIA THE MIA.USA.SINVEST ENTERPRISE WIDE DOMAIN GROUP VSPHERE ADMINISTRATORS,,"Borges, Dayam",dborges@bpi-gruposantander.com,A,"Borges, Dayam","Borges, Dayam","8/6/26, 6:16 PM","8/6/26, 6:16 PM",,,,100046297
Approved,,SOX BSI - Non Person,Reassignment from 'Entitlement Owner Access Review for SOX BSI - Non Person' to Dayam Borges,"2026 Q2 PAM BSI SOX Entitlement Owner Certification[7/23/26, 10:25:07 AM EDT]","2026 Q2, BSI, PAM, SOX",100421410,"Heredia, Evelio Alejandro",,False,No,No,BSI_US\MIAPRINT,Account Removed,Entitlement Owner,Entitlement,BSI_US\MIAPRINT has privileged (Instance Role) access to ReconXpert Server:MIA-DC-SQL3 Instance:MIA-DC-SQL3 DB:N/A through role sysadmin.,,"Borges, Dayam",dborges@bpi-gruposantander.com,A,"Borges, Dayam","Borges, Dayam","8/6/26, 6:16 PM","8/6/26, 6:16 PM",,,,100046297
Approved,,SOX BSI - Non Person,Reassignment from 'Entitlement Owner Access Review for SOX BSI - Non Person' to Dayam Borges,"2026 Q2 PAM BSI SOX Entitlement Owner Certification[7/23/26, 10:25:07 AM EDT]","2026 Q2, BSI, PAM, SOX",100421410,"Heredia, Evelio Alejandro",,False,No,No,MIAALGOSEC,Account Removed,Entitlement Owner,Entitlement,MIAALGOSEC HAS PRIVILEGED ACCESS TO SOX APPLICATIONS VIA THE MIA.USA.SINVEST ENTERPRISE WIDE DOMAIN GROUP CISCO NETWORK ADMINISTRATORS,,"Borges, Dayam",dborges@bpi-gruposantander.com,A,"Borges, Dayam","Borges, Dayam","8/6/26, 6:16 PM","8/6/26, 6:16 PM",,,,100046297
Approved,,SOX BSI - Non Person,Entitlement Owner Access Review for SOX BSI - Non Person,"2026 Q2 PAM BSI SOX Entitlement Owner Certification[7/23/26, 10:25:07 AM EDT]","2026 Q2, BSI, PAM, SOX",100046297,"Borges, Dayam",,False,No,No,BSI_US-CYBERARK_DNA,Account Removed,Entitlement Owner,Entitlement,BSI_US-CYBERARK_DNA HAS PRIVILEGED ACCES TO SOX APPLICATION RECONXPERT WITHIN LOCAL GROUP ADMINISTRATORS ON SERVER:MIA-DC-APP02.,,"Borges, Dayam",dborges@bpi-gruposantander.com,A,"Oliveros, Jose Manuel","Borges, Dayam","7/27/26, 12:45 PM","7/27/26, 12:45 PM",,,,100046297
Approved,,SOX BSI - Non Person,Entitlement Owner Access Review for SOX BSI - Non Person,"2026 Q2 PAM BSI SOX Entitlement Owner Certification[7/23/26, 10:25:07 AM EDT]","2026 Q2, BSI, PAM, SOX",100046297,"Borges, Dayam",,False,No,No,BSI_US-CYBERARK_DNA,Account Removed,Entitlement Owner,Entitlement,BSI_US-CYBERARK_DNA HAS PRIVILEGED ACCES TO SOX APPLICATION RECONXPERT WITHIN LOCAL GROUP ADMINISTRATORS ON SERVER:MIA-DC-SQL3.,,"Borges, Dayam",dborges@bpi-gruposantander.com,A,"Oliveros, Jose Manuel","Borges, Dayam","7/27/26, 12:45 PM","7/27/26, 12:45 PM",,,,100046297
Approved,,SOX BSI - Non Person,Entitlement Owner Access Review for SOX BSI - Non Person,"2026 Q2 PAM BSI SOX Entitlement Owner Certification[7/23/26, 10:25:07 AM EDT]","2026 Q2, BSI, PAM, SOX",100046297,"Borges, Dayam",,False,No,No,BSI_US-APPSUPPORT_W_RDP,Account Removed,Entitlement Owner,Entitlement,BSI_US-APPSUPPORT_W_RDP HAS PRIVILEGED ACCES TO SOX APPLICATION RECONXPERT WITHIN LOCAL GROUP ADMINISTRATORS ON SERVER:MIA-DC-APP02.,,"Borges, Dayam",dborges@bpi-gruposantander.com,A,"Oliveros, Jose Manuel","Borges, Dayam","7/27/26, 12:45 PM","7/27/26, 12:45 PM",,,,100046297
Approved,,SOX BSI - Non Person,Entitlement Owner Access Review for SOX BSI - Non Person,"2026 Q2 PAM BSI SOX Entitlement Owner Certification[7/23/26, 10:25:07 AM EDT]","2026 Q2, BSI, PAM, SOX",100046297,"Borges, Dayam",,False,No,No,MIASAIL,Account Removed,Entitlement Owner,Entitlement,MIASAIL HAS PRIVILEGED ACCESS TO SOX APPLICATIONS VIA THE MIA.USA.SINVEST ENTERPRISE WIDE DOMAIN GROUP DOMAIN ADMINS,,"Borges, Dayam",dborges@bpi-gruposantander.com,A,"Oliveros, Jose Manuel","Borges, Dayam","7/27/26, 12:45 PM","7/27/26, 12:45 PM",,,,100046297
Approved,,SOX BSI - Non Person,Entitlement Owner Access Review for SOX BSI - Non Person,"2026 Q2 PAM BSI SOX Entitlement Owner Certification[7/23/26, 10:25:07 AM EDT]","2026 Q2, BSI, PAM, SOX",100046297,"Borges, Dayam",,False,No,No,MIASAIL,Account Removed,Entitlement Owner,Entitlement,MIASAIL HAS PRIVILEGED ACCESS TO SOX APPLICATIONS VIA THE MIA.USA.SINVEST ENTERPRISE WIDE DOMAIN GROUP ADMINISTRATORS,,"Borges, Dayam",dborges@bpi-gruposantander.com,A,"Oliveros, Jose Manuel","Borges, Dayam","7/27/26, 12:45 PM","7/27/26, 12:45 PM",,,,100046297
Approved,,SOX BSI - Non Person,Entitlement Owner Access Review for SOX BSI - Non Person,"2026 Q2 PAM BSI SOX Entitlement Owner Certification[7/23/26, 10:25:07 AM EDT]","2026 Q2, BSI, PAM, SOX",100046297,"Borges, Dayam",,False,No,No,MIASAIL,Account Removed,Entitlement Owner,Entitlement,MIASAIL HAS PRIVILEGED ACCESS TO SOX APPLICATIONS VIA THE MIA.USA.SINVEST ENTERPRISE WIDE DOMAIN GROUP WKSTADMIN,,"Borges, Dayam",dborges@bpi-gruposantander.com,A,"Oliveros, Jose Manuel","Borges, Dayam","7/27/26, 12:45 PM","7/27/26, 12:45 PM",,,,100046297
Approved,,SOX BSI - Non Person,Entitlement Owner Access Review for SOX BSI - Non Person,"2026 Q2 PAM BSI SOX Entitlement Owner Certification[7/23/26, 10:25:07 AM EDT]","2026 Q2, BSI, PAM, SOX",100046297,"Borges, Dayam",,False,No,No,MIASAIL,Account Removed,Entitlement Owner,Entitlement,MIASAIL HAS PRIVILEGED ACCES TO SOX APPLICATION RECONXPERT WITHIN LOCAL GROUP ADMINISTRATORS ON SERVER:MIA-DC-APP02 THROUGH BSI_US DOMAIN GROUP DOMAIN ADMINS.,,"Borges, Dayam",dborges@bpi-gruposantander.com,A,"Oliveros, Jose Manuel","Borges, Dayam","7/27/26, 12:45 PM","7/27/26, 12:45 PM",,,,100046297
Approved,,SOX BSI - Non Person,Entitlement Owner Access Review for SOX BSI - Non Person,"2026 Q2 PAM BSI SOX Entitlement Owner Certification[7/23/26, 10:25:07 AM EDT]","2026 Q2, BSI, PAM, SOX",100046297,"Borges, Dayam",,False,No,No,MIASAIL,Account Removed,Entitlement Owner,Entitlement,MIASAIL HAS PRIVILEGED ACCES TO SOX APPLICATION RECONXPERT WITHIN LOCAL GROUP ADMINISTRATORS ON SERVER:MIA-DC-SQL3 THROUGH BSI_US DOMAIN GROUP DOMAIN ADMINS.,,"Borges, Dayam",dborges@bpi-gruposantander.com,A,"Oliveros, Jose Manuel","Borges, Dayam","7/27/26, 12:45 PM","7/27/26, 12:45 PM",,,,100046297
Approved,,SOX BSI - Non Person,Entitlement Owner Access Review for SOX BSI - Non Person,"2026 Q2 PAM BSI SOX Entitlement Owner Certification[7/23/26, 10:25:07 AM EDT]","2026 Q2, BSI, PAM, SOX",100046297,"Borges, Dayam",,False,No,No,PWS_MIAEOD,Account Removed,Entitlement Owner,Entitlement,PWS_MIAEOD HAS PRIVILEGED ACCESS TO SOX APPLICATION T24 ON SERVER MIASX1 WITH PERMISSIONS ALL=(MIAEOD) NOPASSWD: ALL.,,"Borges, Dayam",dborges@bpi-gruposantander.com,A,"Oliveros, Jose Manuel","Borges, Dayam","7/27/26, 12:45 PM","7/27/26, 12:45 PM",,,,100046297
Approved,,SOX BSI - Non Person,Entitlement Owner Access Review for SOX BSI - Non Person,"2026 Q2 PAM BSI SOX Entitlement Owner Certification[7/23/26, 10:25:07 AM EDT]","2026 Q2, BSI, PAM, SOX",100046297,"Borges, Dayam",,False,No,No,APPSUPPORT_W_RDP,Account Removed,Entitlement Owner,Entitlement,APPSUPPORT_W_RDP HAS PRIVILEGED ACCESS TO SOX APPLICATIONS VIA THE MIA.USA.SINVEST ENTERPRISE WIDE DOMAIN GROUP DOMAIN ADMINS,,"Borges, Dayam",dborges@bpi-gruposantander.com,A,"Oliveros, Jose Manuel","Borges, Dayam","7/27/26, 12:45 PM","7/27/26, 12:45 PM",,,,100046297
Approved,,SOX BSI - Non Person,Entitlement Owner Access Review for SOX BSI - Non Person,"2026 Q2 PAM BSI SOX Entitlement Owner Certification[7/23/26, 10:25:07 AM EDT]","2026 Q2, BSI, PAM, SOX",100046297,"Borges, Dayam",,False,No,No,APPSUPPORT_W_RDP,Account Removed,Entitlement Owner,Entitlement,APPSUPPORT_W_RDP HAS PRIVILEGED ACCESS TO SOX APPLICATIONS VIA THE MIA.USA.SINVEST ENTERPRISE WIDE DOMAIN GROUP ADMINISTRATORS,,"Borges, Dayam",dborges@bpi-gruposantander.com,A,"Oliveros, Jose Manuel","Borges, Dayam","7/27/26, 12:45 PM","7/27/26, 12:45 PM",,,,100046297
Approved,,SOX BSI - Non Person,Entitlement Owner Access Review for SOX BSI - Non Person,"2026 Q2 PAM BSI SOX Entitlement Owner Certification[7/23/26, 10:25:07 AM EDT]","2026 Q2, BSI, PAM, SOX",100046297,"Borges, Dayam",,False,No,No,APPSUPPORT_W_RDP,Account Removed,Entitlement Owner,Entitlement,APPSUPPORT_W_RDP HAS PRIVILEGED ACCESS TO SOX APPLICATIONS VIA THE MIA.USA.SINVEST ENTERPRISE WIDE DOMAIN GROUP WKSTADMIN,,"Borges, Dayam",dborges@bpi-gruposantander.com,A,"Oliveros, Jose Manuel","Borges, Dayam","7/27/26, 12:45 PM","7/27/26, 12:45 PM",,,,100046297
Approved,,SOX BSI - Non Person,Entitlement Owner Access Review for SOX BSI - Non Person,"2026 Q2 PAM BSI SOX Entitlement Owner Certification[7/23/26, 10:25:07 AM EDT]","2026 Q2, BSI, PAM, SOX",100046297,"Borges, Dayam",,False,No,No,APPSUPPORT_W_RDP,Account Removed,Entitlement Owner,Entitlement,APPSUPPORT_W_RDP HAS PRIVILEGED ACCES TO SOX APPLICATION RECONXPERT WITHIN LOCAL GROUP ADMINISTRATORS ON SERVER:MIA-DC-APP02 THROUGH BSI_US DOMAIN GROUP DOMAIN ADMINS.,,"Borges, Dayam",dborges@bpi-gruposantander.com,A,"Oliveros, Jose Manuel","Borges, Dayam","7/27/26, 12:45 PM","7/27/26, 12:45 PM",,,,100046297
Approved,,SOX BSI - Non Person,Entitlement Owner Access Review for SOX BSI - Non Person,"2026 Q2 PAM BSI SOX Entitlement Owner Certification[7/23/26, 10:25:07 AM EDT]","2026 Q2, BSI, PAM, SOX",100046297,"Borges, Dayam",,False,No,No,APPSUPPORT_W_RDP,Account Removed,Entitlement Owner,Entitlement,APPSUPPORT_W_RDP HAS PRIVILEGED ACCES TO SOX APPLICATION RECONXPERT WITHIN LOCAL GROUP ADMINISTRATORS ON SERVER:MIA-DC-SQL3 THROUGH BSI_US DOMAIN GROUP DOMAIN ADMINS.,,"Borges, Dayam",dborges@bpi-gruposantander.com,A,"Oliveros, Jose Manuel","Borges, Dayam","7/27/26, 12:45 PM","7/27/26, 12:45 PM",,,,100046297
Approved,,SOX BSI - Non Person,Entitlement Owner Access Review for SOX BSI - Non Person,"2026 Q2 PAM BSI SOX Entitlement Owner Certification[7/23/26, 10:25:07 AM EDT]","2026 Q2, BSI, PAM, SOX",100046297,"Borges, Dayam",,False,No,No,MIACARK,Account Removed,Entitlement Owner,Entitlement,MIACARK HAS PRIVILEGED ACCESS TO SOX APPLICATION ECO/EBANKING ON SERVER MIAECODIR WITH PERMISSIONS ALL=(ROOT) NOPASSWD: CYBERARK.,,"Borges, Dayam",dborges@bpi-gruposantander.com,A,"Oliveros, Jose Manuel","Borges, Dayam","7/27/26, 12:45 PM","7/27/26, 12:45 PM",,,,100046297
Approved,,SOX BSI - Non Person,Entitlement Owner Access Review for SOX BSI - Non Person,"2026 Q2 PAM BSI SOX Entitlement Owner Certification[7/23/26, 10:25:07 AM EDT]","2026 Q2, BSI, PAM, SOX",100046297,"Borges, Dayam",,False,No,No,MIACARK,Account Removed,Entitlement Owner,Entitlement,MIACARK HAS PRIVILEGED ACCESS TO SOX APPLICATION ECO/EBANKING ON SERVER MIAECOFS WITH PERMISSIONS ALL=(ROOT) NOPASSWD: CYBERARK.,,"Borges, Dayam",dborges@bpi-gruposantander.com,A,"Oliveros, Jose Manuel","Borges, Dayam","7/27/26, 12:45 PM","7/27/26, 12:45 PM",,,,100046297
Approved,,SOX BSI - Non Person,Entitlement Owner Access Review for SOX BSI - Non Person,"2026 Q2 PAM BSI SOX Entitlement Owner Certification[7/23/26, 10:25:07 AM EDT]","2026 Q2, BSI, PAM, SOX",100046297,"Borges, Dayam",,False,No,No,MIACARK,Account Removed,Entitlement Owner,Entitlement,MIACARK HAS PRIVILEGED ACCESS TO SOX APPLICATION ECO/EBANKING ON SERVER MIAECOWAS WITH PERMISSIONS ALL=(ROOT) NOPASSWD: CYBERARK.,,"Borges, Dayam",dborges@bpi-gruposantander.com,A,"Oliveros, Jose Manuel","Borges, Dayam","7/27/26, 12:45 PM","7/27/26, 12:45 PM",,,,100046297
Approved,,SOX BSI - Non Person,Entitlement Owner Access Review for SOX BSI - Non Person,"2026 Q2 PAM BSI SOX Entitlement Owner Certification[7/23/26, 10:25:07 AM EDT]","2026 Q2, BSI, PAM, SOX",100046297,"Borges, Dayam",,False,No,No,MIACARK,Account Removed,Entitlement Owner,Entitlement,MIACARK HAS PRIVILEGED ACCESS TO SOX APPLICATION ECO/EBANKING ON SERVER MIAECOWEB WITH PERMISSIONS ALL=(ROOT) NOPASSWD: CYBERARK.,,"Borges, Dayam",dborges@bpi-gruposantander.com,A,"Oliveros, Jose Manuel","Borges, Dayam","7/27/26, 12:45 PM","7/27/26, 12:45 PM",,,,100046297
Approved,,SOX BSI - Non Person,Entitlement Owner Access Review for SOX BSI - Non Person,"2026 Q2 PAM BSI SOX Entitlement Owner Certification[7/23/26, 10:25:07 AM EDT]","2026 Q2, BSI, PAM, SOX",100046297,"Borges, Dayam",,False,No,No,MIACARK,Account Removed,Entitlement Owner,Entitlement,MIACARK HAS PRIVILEGED ACCESS TO SOX APPLICATION T24 ON SERVER MIASX1 WITH PERMISSIONS ALL=(ROOT) NOPASSWD: CYBERARK.,,"Borges, Dayam",dborges@bpi-gruposantander.com,A,"Oliveros, Jose Manuel","Borges, Dayam","7/27/26, 12:45 PM","7/27/26, 12:45 PM",,,,100046297
Approved,,SOX BSI - Non Person,Entitlement Owner Access Review for SOX BSI - Non Person,"2026 Q2 PAM BSI SOX Entitlement Owner Certification[7/23/26, 10:25:07 AM EDT]","2026 Q2, BSI, PAM, SOX",100046297,"Borges, Dayam",,False,No,No,MIACARK,Account Removed,Entitlement Owner,Entitlement,MIACARK HAS PRIVILEGED ACCES TO SOX APPLICATION RECONXPERT WITHIN LOCAL GROUP ADMINISTRATORS ON SERVER:MIA-DC-APP02 THROUGH BSI_US DOMAIN GROUP DOMAIN ADMINS.,,"Borges, Dayam",dborges@bpi-gruposantander.com,A,"Oliveros, Jose Manuel","Borges, Dayam","7/27/26, 12:45 PM","7/27/26, 12:45 PM",,,,100046297
Approved,,SOX BSI - Non Person,Entitlement Owner Access Review for SOX BSI - Non Person,"2026 Q2 PAM BSI SOX Entitlement Owner Certification[7/23/26, 10:25:07 AM EDT]","2026 Q2, BSI, PAM, SOX",100046297,"Borges, Dayam",,False,No,No,MIACARK,Account Removed,Entitlement Owner,Entitlement,MIACARK HAS PRIVILEGED ACCES TO SOX APPLICATION RECONXPERT WITHIN LOCAL GROUP ADMINISTRATORS ON SERVER:MIA-DC-SQL3 THROUGH BSI_US DOMAIN GROUP DOMAIN ADMINS.,,"Borges, Dayam",dborges@bpi-gruposantander.com,A,"Oliveros, Jose Manuel","Borges, Dayam","7/27/26, 12:45 PM","7/27/26, 12:45 PM",,,,100046297
Approved,,SOX BSI - Non Person,Entitlement Owner Access Review for SOX BSI - Non Person,"2026 Q2 PAM BSI SOX Entitlement Owner Certification[7/23/26, 10:25:07 AM EDT]","2026 Q2, BSI, PAM, SOX",100046297,"Borges, Dayam",,False,No,No,ITOPS_W_RDP,Account Removed,Entitlement Owner,Entitlement,ITOPS_W_RDP HAS PRIVILEGED ACCESS TO SOX APPLICATIONS VIA THE MIA.USA.SINVEST ENTERPRISE WIDE DOMAIN GROUP DOMAIN ADMINS,,"Borges, Dayam",dborges@bpi-gruposantander.com,A,"Oliveros, Jose Manuel","Borges, Dayam","7/27/26, 12:45 PM","7/27/26, 12:45 PM",,,,100046297
Approved,,SOX BSI - Non Person,Entitlement Owner Access Review for SOX BSI - Non Person,"2026 Q2 PAM BSI SOX Entitlement Owner Certification[7/23/26, 10:25:07 AM EDT]","2026 Q2, BSI, PAM, SOX",100046297,"Borges, Dayam",,False,No,No,ITOPS_W_RDP,Account Removed,Entitlement Owner,Entitlement,ITOPS_W_RDP HAS PRIVILEGED ACCESS TO SOX APPLICATIONS VIA THE MIA.USA.SINVEST ENTERPRISE WIDE DOMAIN GROUP ADMINISTRATORS,,"Borges, Dayam",dborges@bpi-gruposantander.com,A,"Oliveros, Jose Manuel","Borges, Dayam","7/27/26, 12:45 PM","7/27/26, 12:45 PM",,,,100046297
Approved,,SOX BSI - Non Person,Entitlement Owner Access Review for SOX BSI - Non Person,"2026 Q2 PAM BSI SOX Entitlement Owner Certification[7/23/26, 10:25:07 AM EDT]","2026 Q2, BSI, PAM, SOX",100046297,"Borges, Dayam",,False,No,No,ITOPS_W_RDP,Account Removed,Entitlement Owner,Entitlement,ITOPS_W_RDP HAS PRIVILEGED ACCESS TO SOX APPLICATIONS VIA THE MIA.USA.SINVEST ENTERPRISE WIDE DOMAIN GROUP WKSTADMIN,,"Borges, Dayam",dborges@bpi-gruposantander.com,A,"Oliveros, Jose Manuel","Borges, Dayam","7/27/26, 12:45 PM","7/27/26, 12:45 PM",,,,100046297
Approved,,SOX BSI - Non Person,Entitlement Owner Access Review for SOX BSI - Non Person,"2026 Q2 PAM BSI SOX Entitlement Owner Certification[7/23/26, 10:25:07 AM EDT]","2026 Q2, BSI, PAM, SOX",100046297,"Borges, Dayam",,False,No,No,ITOPS_W_RDP,Account Removed,Entitlement Owner,Entitlement,ITOPS_W_RDP HAS PRIVILEGED ACCES TO SOX APPLICATION RECONXPERT WITHIN LOCAL GROUP ADMINISTRATORS ON SERVER:MIA-DC-APP02 THROUGH BSI_US DOMAIN GROUP DOMAIN ADMINS.,,"Borges, Dayam",dborges@bpi-gruposantander.com,A,"Oliveros, Jose Manuel","Borges, Dayam","7/27/26, 12:45 PM","7/27/26, 12:45 PM",,,,100046297
Approved,,SOX BSI - Non Person,Entitlement Owner Access Review for SOX BSI - Non Person,"2026 Q2 PAM BSI SOX Entitlement Owner Certification[7/23/26, 10:25:07 AM EDT]","2026 Q2, BSI, PAM, SOX",100046297,"Borges, Dayam",,False,No,No,MIAEPO,Account Removed,Entitlement Owner,Entitlement,MIAEPO HAS PRIVILEGED ACCESS TO SOX APPLICATIONS VIA THE MIA.USA.SINVEST ENTERPRISE WIDE DOMAIN GROUP WKSTADMIN,,"Borges, Dayam",dborges@bpi-gruposantander.com,A,"Oliveros, Jose Manuel","Borges, Dayam","7/27/26, 12:45 PM","7/27/26, 12:45 PM",,,,100046297
Approved,,SOX BSI - Non Person,Entitlement Owner Access Review for SOX BSI - Non Person,"2026 Q2 PAM BSI SOX Entitlement Owner Certification[7/23/26, 10:25:07 AM EDT]","2026 Q2, BSI, PAM, SOX",100046297,"Borges, Dayam",,False,No,No,MIACARK,Account Removed,Entitlement Owner,Entitlement,MIACARK HAS PRIVILEGED ACCESS TO SOX APPLICATIONS VIA THE MIA.USA.SINVEST ENTERPRISE WIDE DOMAIN GROUP WKSTADMIN,,"Borges, Dayam",dborges@bpi-gruposantander.com,A,"Oliveros, Jose Manuel","Borges, Dayam","7/27/26, 12:45 PM","7/27/26, 12:45 PM",,,,100046297
Approved,,SOX BSI - Non Person,Entitlement Owner Access Review for SOX BSI - Non Person,"2026 Q2 PAM BSI SOX Entitlement Owner Certification[7/23/26, 10:25:07 AM EDT]","2026 Q2, BSI, PAM, SOX",100046297,"Borges, Dayam",,False,No,No,MIACARK,Account Removed,Entitlement Owner,Entitlement,MIACARK HAS PRIVILEGED ACCESS TO SOX APPLICATION ECO/EBANKING ON SERVER ENDOR WITH PERMISSIONS ALL=(ROOT) NOPASSWD: CYBERARK.,,"Borges, Dayam",dborges@bpi-gruposantander.com,A,"Oliveros, Jose Manuel","Borges, Dayam","7/27/26, 12:45 PM","7/27/26, 12:45 PM",,,,100046297
Approved,,SOX BSI - Non Person,Entitlement Owner Access Review for SOX BSI - Non Person,"2026 Q2 PAM BSI SOX Entitlement Owner Certification[7/23/26, 10:25:07 AM EDT]","2026 Q2, BSI, PAM, SOX",100046297,"Borges, Dayam",,False,No,No,MIACARK,Account Removed,Entitlement Owner,Entitlement,MIACARK HAS PRIVILEGED ACCESS TO SOX APPLICATIONS VIA THE MIA.USA.SINVEST ENTERPRISE WIDE DOMAIN GROUP DOMAIN ADMINS,,"Borges, Dayam",dborges@bpi-gruposantander.com,A,"Oliveros, Jose Manuel","Borges, Dayam","7/27/26, 12:45 PM","7/27/26, 12:45 PM",,,,100046297
Approved,,SOX BSI - Non Person,Entitlement Owner Access Review for SOX BSI - Non Person,"2026 Q2 PAM BSI SOX Entitlement Owner Certification[7/23/26, 10:25:07 AM EDT]","2026 Q2, BSI, PAM, SOX",100046297,"Borges, Dayam",,False,No,No,MIACARK,Account Removed,Entitlement Owner,Entitlement,MIACARK HAS PRIVILEGED ACCESS TO SOX APPLICATIONS VIA THE MIA.USA.SINVEST ENTERPRISE WIDE DOMAIN GROUP ADMINISTRATORS,,"Borges, Dayam",dborges@bpi-gruposantander.com,A,"Oliveros, Jose Manuel","Borges, Dayam","7/27/26, 12:45 PM","7/27/26, 12:45 PM",,,,100046297
Approved,,SOX BSI - Non Person,Entitlement Owner Access Review for SOX BSI - Non Person,"2026 Q2 PAM BSI SOX Entitlement Owner Certification[7/23/26, 10:25:07 AM EDT]","2026 Q2, BSI, PAM, SOX",100046297,"Borges, Dayam",,False,No,No,MIACARK,Account Removed,Entitlement Owner,Entitlement,MIACARK HAS PRIVILEGED ACCESS TO SOX APPLICATION ECO/EBANKING ON SERVER MIA-DC-PHOEBE WITH PERMISSIONS ALL=(ROOT) NOPASSWD: CYBERARK.,,"Borges, Dayam",dborges@bpi-gruposantander.com,A,"Oliveros, Jose Manuel","Borges, Dayam","7/27/26, 12:45 PM","7/27/26, 12:45 PM",,,,100046297
Approved,,SOX BSI - Non Person,Entitlement Owner Access Review for SOX BSI - Non Person,"2026 Q2 PAM BSI SOX Entitlement Owner Certification[7/23/26, 10:25:07 AM EDT]","2026 Q2, BSI, PAM, SOX",100046297,"Borges, Dayam",,False,No,No,ITOPS_W_RDP,Account Removed,Entitlement Owner,Entitlement,ITOPS_W_RDP HAS PRIVILEGED ACCES TO SOX APPLICATION RECONXPERT WITHIN LOCAL GROUP ADMINISTRATORS ON SERVER:MIA-DC-SQL3 THROUGH BSI_US DOMAIN GROUP DOMAIN ADMINS.,,"Borges, Dayam",dborges@bpi-gruposantander.com,A,"Oliveros, Jose Manuel","Borges, Dayam","7/27/26, 12:45 PM","7/27/26, 12:45 PM",,,,100046297
Approved,,SOX BSI - Non Person,Entitlement Owner Access Review for SOX BSI - Non Person,"2026 Q2 PAM BSI SOX Entitlement Owner Certification[7/23/26, 10:25:07 AM EDT]","2026 Q2, BSI, PAM, SOX",100046297,"Borges, Dayam",,False,No,No,MIASCOUTWIN,Account Removed,Entitlement Owner,Entitlement,MIASCOUTWIN HAS PRIVILEGED ACCESS TO SOX APPLICATIONS VIA THE MIA.USA.SINVEST ENTERPRISE WIDE DOMAIN GROUP WKSTADMIN,,"Borges, Dayam",dborges@bpi-gruposantander.com,A,"Oliveros, Jose Manuel","Borges, Dayam","7/27/26, 12:45 PM","7/27/26, 12:45 PM",,,,100046297
Approved,,SOX BSI - Non Person,Entitlement Owner Access Review for SOX BSI - Non Person,"2026 Q2 PAM BSI SOX Entitlement Owner Certification[7/23/26, 10:25:07 AM EDT]","2026 Q2, BSI, PAM, SOX",100046297,"Borges, Dayam",,False,No,No,PWS_COB_OPERATOR,Account Removed,Entitlement Owner,Entitlement,PWS_COB_OPERATOR HAS PRIVILEGED ACCESS TO SOX APPLICATION T24 ON SERVER MIASX1 WITH PERMISSIONS ALL=(MIAPRD) NOPASSWD:SETENV: COBOPS.,,"Borges, Dayam",dborges@bpi-gruposantander.com,A,"Oliveros, Jose Manuel","Borges, Dayam","7/27/26, 12:45 PM","7/27/26, 12:45 PM",,,,100046297
Approved,,SOX BSI - Non Person,Entitlement Owner Access Review for SOX BSI - Non Person,"2026 Q2 PAM BSI SOX Entitlement Owner Certification[7/23/26, 10:25:07 AM EDT]","2026 Q2, BSI, PAM, SOX",100046297,"Borges, Dayam",,False,No,No,MIAQUALYS,Account Removed,Entitlement Owner,Entitlement,MIAQUALYS HAS PRIVILEGED ACCESS TO SOX APPLICATIONS VIA THE MIA.USA.SINVEST ENTERPRISE WIDE DOMAIN GROUP DOMAIN ADMINS,,"Borges, Dayam",dborges@bpi-gruposantander.com,A,"Oliveros, Jose Manuel","Borges, Dayam","7/27/26, 12:45 PM","7/27/26, 12:45 PM",,,,100046297
Approved,,SOX BSI - Non Person,Entitlement Owner Access Review for SOX BSI - Non Person,"2026 Q2 PAM BSI SOX Entitlement Owner Certification[7/23/26, 10:25:07 AM EDT]","2026 Q2, BSI, PAM, SOX",100046297,"Borges, Dayam",,False,No,No,MIAQUALYS,Account Removed,Entitlement Owner,Entitlement,MIAQUALYS HAS PRIVILEGED ACCESS TO SOX APPLICATIONS VIA THE MIA.USA.SINVEST ENTERPRISE WIDE DOMAIN GROUP ADMINISTRATORS,,"Borges, Dayam",dborges@bpi-gruposantander.com,A,"Oliveros, Jose Manuel","Borges, Dayam","7/27/26, 12:45 PM","7/27/26, 12:45 PM",,,,100046297
Approved,,SOX BSI - Non Person,Entitlement Owner Access Review for SOX BSI - Non Person,"2026 Q2 PAM BSI SOX Entitlement Owner Certification[7/23/26, 10:25:07 AM EDT]","2026 Q2, BSI, PAM, SOX",100046297,"Borges, Dayam",,False,No,No,MIAQUALYS,Account Removed,Entitlement Owner,Entitlement,MIAQUALYS HAS PRIVILEGED ACCESS TO SOX APPLICATIONS VIA THE MIA.USA.SINVEST ENTERPRISE WIDE DOMAIN GROUP CISCO NETWORK ADMINISTRATORS,,"Borges, Dayam",dborges@bpi-gruposantander.com,A,"Oliveros, Jose Manuel","Borges, Dayam","7/27/26, 12:45 PM","7/27/26, 12:45 PM",,,,100046297
Approved,,SOX BSI - Non Person,Entitlement Owner Access Review for SOX BSI - Non Person,"2026 Q2 PAM BSI SOX Entitlement Owner Certification[7/23/26, 10:25:07 AM EDT]","2026 Q2, BSI, PAM, SOX",100046297,"Borges, Dayam",,False,No,No,MIAQUALYS,Account Removed,Entitlement Owner,Entitlement,MIAQUALYS HAS PRIVILEGED ACCESS TO SOX APPLICATIONS VIA THE MIA.USA.SINVEST ENTERPRISE WIDE DOMAIN GROUP WKSTADMIN,,"Borges, Dayam",dborges@bpi-gruposantander.com,A,"Oliveros, Jose Manuel","Borges, Dayam","7/27/26, 12:45 PM","7/27/26, 12:45 PM",,,,100046297
Approved,,SOX BSI - Non Person,Entitlement Owner Access Review for SOX BSI - Non Person,"2026 Q2 PAM BSI SOX Entitlement Owner Certification[7/23/26, 10:25:07 AM EDT]","2026 Q2, BSI, PAM, SOX",100046297,"Borges, Dayam",,False,No,No,MIAQUALYS,Account Removed,Entitlement Owner,Entitlement,MIAQUALYS HAS PRIVILEGED ACCESS TO SOX APPLICATIONS VIA THE MIA.USA.SINVEST ENTERPRISE WIDE DOMAIN GROUP F5FULLADMIN,,"Borges, Dayam",dborges@bpi-gruposantander.com,A,"Oliveros, Jose Manuel","Borges, Dayam","7/27/26, 12:45 PM","7/27/26, 12:45 PM",,,,100046297
Approved,,SOX BSI - Non Person,Entitlement Owner Access Review for SOX BSI - Non Person,"2026 Q2 PAM BSI SOX Entitlement Owner Certification[7/23/26, 10:25:07 AM EDT]","2026 Q2, BSI, PAM, SOX",100046297,"Borges, Dayam",,False,No,No,MIAQUALYS,Account Removed,Entitlement Owner,Entitlement,MIAQUALYS HAS PRIVILEGED ACCES TO SOX APPLICATION RECONXPERT WITHIN LOCAL GROUP ADMINISTRATORS ON SERVER:MIA-DC-APP02 THROUGH BSI_US DOMAIN GROUP DOMAIN ADMINS.,,"Borges, Dayam",dborges@bpi-gruposantander.com,A,"Oliveros, Jose Manuel","Borges, Dayam","7/27/26, 12:45 PM","7/27/26, 12:45 PM",,,,100046297
Approved,,SOX BSI - Non Person,Entitlement Owner Access Review for SOX BSI - Non Person,"2026 Q2 PAM BSI SOX Entitlement Owner Certification[7/23/26, 10:25:07 AM EDT]","2026 Q2, BSI, PAM, SOX",100046297,"Borges, Dayam",,False,No,No,MIAQUALYS,Account Removed,Entitlement Owner,Entitlement,MIAQUALYS HAS PRIVILEGED ACCES TO SOX APPLICATION RECONXPERT WITHIN LOCAL GROUP ADMINISTRATORS ON SERVER:MIA-DC-SQL3 THROUGH BSI_US DOMAIN GROUP DOMAIN ADMINS.,,"Borges, Dayam",dborges@bpi-gruposantander.com,A,"Oliveros, Jose Manuel","Borges, Dayam","7/27/26, 12:45 PM","7/27/26, 12:45 PM",,,,100046297
Approved,,SOX BSI - Non Person,Entitlement Owner Access Review for SOX BSI - Non Person,"2026 Q2 PAM BSI SOX Entitlement Owner Certification[7/23/26, 10:25:07 AM EDT]","2026 Q2, BSI, PAM, SOX",100046297,"Borges, Dayam",,False,No,No,CYAADDA1,Account Removed,Entitlement Owner,Entitlement,CYAADDA1 HAS PRIVILEGED ACCESS TO SOX APPLICATIONS VIA THE MIA.USA.SINVEST ENTERPRISE WIDE DOMAIN GROUP DOMAIN ADMINS,,"Borges, Dayam",dborges@bpi-gruposantander.com,A,"Oliveros, Jose Manuel","Borges, Dayam","7/27/26, 12:45 PM","7/27/26, 12:45 PM",,,,100046297
Approved,,SOX BSI - Non Person,Entitlement Owner Access Review for SOX BSI - Non Person,"2026 Q2 PAM BSI SOX Entitlement Owner Certification[7/23/26, 10:25:07 AM EDT]","2026 Q2, BSI, PAM, SOX",100046297,"Borges, Dayam",,False,No,No,CYAADDA1,Account Removed,Entitlement Owner,Entitlement,CYAADDA1 HAS PRIVILEGED ACCESS TO SOX APPLICATIONS VIA THE MIA.USA.SINVEST ENTERPRISE WIDE DOMAIN GROUP ADMINISTRATORS,,"Borges, Dayam",dborges@bpi-gruposantander.com,A,"Oliveros, Jose Manuel","Borges, Dayam","7/27/26, 12:45 PM","7/27/26, 12:45 PM",,,,100046297
Approved,,SOX BSI - Non Person,Entitlement Owner Access Review for SOX BSI - Non Person,"2026 Q2 PAM BSI SOX Entitlement Owner Certification[7/23/26, 10:25:07 AM EDT]","2026 Q2, BSI, PAM, SOX",100046297,"Borges, Dayam",,False,No,No,CYAADDA1,Account Removed,Entitlement Owner,Entitlement,CYAADDA1 HAS PRIVILEGED ACCESS TO SOX APPLICATIONS VIA THE MIA.USA.SINVEST ENTERPRISE WIDE DOMAIN GROUP WKSTADMIN,,"Borges, Dayam",dborges@bpi-gruposantander.com,A,"Oliveros, Jose Manuel","Borges, Dayam","7/27/26, 12:45 PM","7/27/26, 12:45 PM",,,,100046297
Approved,,SOX BSI - Non Person,Entitlement Owner Access Review for SOX BSI - Non Person,"2026 Q2 PAM BSI SOX Entitlement Owner Certification[7/23/26, 10:25:07 AM EDT]","2026 Q2, BSI, PAM, SOX",100046297,"Borges, Dayam",,False,No,No,CYAADDA1,Account Removed,Entitlement Owner,Entitlement,CYAADDA1 HAS PRIVILEGED ACCES TO SOX APPLICATION RECONXPERT WITHIN LOCAL GROUP ADMINISTRATORS ON SERVER:MIA-DC-APP02 THROUGH BSI_US DOMAIN GROUP DOMAIN ADMINS.,,"Borges, Dayam",dborges@bpi-gruposantander.com,A,"Oliveros, Jose Manuel","Borges, Dayam","7/27/26, 12:45 PM","7/27/26, 12:45 PM",,,,100046297
Approved,,SOX BSI - Non Person,Entitlement Owner Access Review for SOX BSI - Non Person,"2026 Q2 PAM BSI SOX Entitlement Owner Certification[7/23/26, 10:25:07 AM EDT]","2026 Q2, BSI, PAM, SOX",100046297,"Borges, Dayam",,False,No,No,CYAADDA1,Account Removed,Entitlement Owner,Entitlement,CYAADDA1 HAS PRIVILEGED ACCES TO SOX APPLICATION RECONXPERT WITHIN LOCAL GROUP ADMINISTRATORS ON SERVER:MIA-DC-SQL3 THROUGH BSI_US DOMAIN GROUP DOMAIN ADMINS.,,"Borges, Dayam",dborges@bpi-gruposantander.com,A,"Oliveros, Jose Manuel","Borges, Dayam","7/27/26, 12:45 PM","7/27/26, 12:45 PM",,,,100046297
Approved,,SOX BSI - Non Person,Entitlement Owner Access Review for SOX BSI - Non Person,"2026 Q2 PAM BSI SOX Entitlement Owner Certification[7/23/26, 10:25:07 AM EDT]","2026 Q2, BSI, PAM, SOX",100046297,"Borges, Dayam",,False,No,No,CYAADDA2,Account Removed,Entitlement Owner,Entitlement,CYAADDA2 HAS PRIVILEGED ACCESS TO SOX APPLICATIONS VIA THE MIA.USA.SINVEST ENTERPRISE WIDE DOMAIN GROUP DOMAIN ADMINS,,"Borges, Dayam",dborges@bpi-gruposantander.com,A,"Oliveros, Jose Manuel","Borges, Dayam","7/27/26, 12:45 PM","7/27/26, 12:45 PM",,,,100046297
Approved,,SOX BSI - Non Person,Entitlement Owner Access Review for SOX BSI - Non Person,"2026 Q2 PAM BSI SOX Entitlement Owner Certification[7/23/26, 10:25:07 AM EDT]","2026 Q2, BSI, PAM, SOX",100046297,"Borges, Dayam",,False,No,No,CYAADDA2,Account Removed,Entitlement Owner,Entitlement,CYAADDA2 HAS PRIVILEGED ACCESS TO SOX APPLICATIONS VIA THE MIA.USA.SINVEST ENTERPRISE WIDE DOMAIN GROUP ADMINISTRATORS,,"Borges, Dayam",dborges@bpi-gruposantander.com,A,"Oliveros, Jose Manuel","Borges, Dayam","7/27/26, 12:45 PM","7/27/26, 12:45 PM",,,,100046297
Approved,,SOX BSI - Non Person,Entitlement Owner Access Review for SOX BSI - Non Person,"2026 Q2 PAM BSI SOX Entitlement Owner Certification[7/23/26, 10:25:07 AM EDT]","2026 Q2, BSI, PAM, SOX",100046297,"Borges, Dayam",,False,No,No,CYAADDA2,Account Removed,Entitlement Owner,Entitlement,CYAADDA2 HAS PRIVILEGED ACCESS TO SOX APPLICATIONS VIA THE MIA.USA.SINVEST ENTERPRISE WIDE DOMAIN GROUP WKSTADMIN,,"Borges, Dayam",dborges@bpi-gruposantander.com,A,"Oliveros, Jose Manuel","Borges, Dayam","7/27/26, 12:45 PM","7/27/26, 12:45 PM",,,,100046297
Approved,,SOX BSI - Non Person,Entitlement Owner Access Review for SOX BSI - Non Person,"2026 Q2 PAM BSI SOX Entitlement Owner Certification[7/23/26, 10:25:07 AM EDT]","2026 Q2, BSI, PAM, SOX",100046297,"Borges, Dayam",,False,No,No,CYAADDA2,Account Removed,Entitlement Owner,Entitlement,CYAADDA2 HAS PRIVILEGED ACCES TO SOX APPLICATION RECONXPERT WITHIN LOCAL GROUP ADMINISTRATORS ON SERVER:MIA-DC-APP02 THROUGH BSI_US DOMAIN GROUP DOMAIN ADMINS.,,"Borges, Dayam",dborges@bpi-gruposantander.com,A,"Oliveros, Jose Manuel","Borges, Dayam","7/27/26, 12:45 PM","7/27/26, 12:45 PM",,,,100046297
Approved,,SOX BSI - Non Person,Entitlement Owner Access Review for SOX BSI - Non Person,"2026 Q2 PAM BSI SOX Entitlement Owner Certification[7/23/26, 10:25:07 AM EDT]","2026 Q2, BSI, PAM, SOX",100046297,"Borges, Dayam",,False,No,No,CYAADDA2,Account Removed,Entitlement Owner,Entitlement,CYAADDA2 HAS PRIVILEGED ACCES TO SOX APPLICATION RECONXPERT WITHIN LOCAL GROUP ADMINISTRATORS ON SERVER:MIA-DC-SQL3 THROUGH BSI_US DOMAIN GROUP DOMAIN ADMINS.,,"Borges, Dayam",dborges@bpi-gruposantander.com,A,"Oliveros, Jose Manuel","Borges, Dayam","7/27/26, 12:45 PM","7/27/26, 12:45 PM",,,,100046297
Approved,,SOX BSI - Non Person,Entitlement Owner Access Review for SOX BSI - Non Person,"2026 Q2 PAM BSI SOX Entitlement Owner Certification[7/23/26, 10:25:07 AM EDT]","2026 Q2, BSI, PAM, SOX",100046297,"Borges, Dayam",,False,No,No,ITOPS_W_ADM,Account Removed,Entitlement Owner,Entitlement,ITOPS_W_ADM HAS PRIVILEGED ACCESS TO SOX APPLICATIONS VIA THE MIA.USA.SINVEST ENTERPRISE WIDE DOMAIN GROUP CISCO NETWORK ADMINISTRATORS,,"Borges, Dayam",dborges@bpi-gruposantander.com,A,"Oliveros, Jose Manuel","Borges, Dayam","7/27/26, 12:45 PM","7/27/26, 12:45 PM",,,,100046297
Approved,,SOX BSI - Non Person,Entitlement Owner Access Review for SOX BSI - Non Person,"2026 Q2 PAM BSI SOX Entitlement Owner Certification[7/23/26, 10:25:07 AM EDT]","2026 Q2, BSI, PAM, SOX",100046297,"Borges, Dayam",,False,No,No,ITOPS_W_ADM,Account Removed,Entitlement Owner,Entitlement,ITOPS_W_ADM HAS PRIVILEGED ACCESS TO SOX APPLICATIONS VIA THE MIA.USA.SINVEST ENTERPRISE WIDE DOMAIN GROUP ISEADMIN,,"Borges, Dayam",dborges@bpi-gruposantander.com,A,"Oliveros, Jose Manuel","Borges, Dayam","7/27/26, 12:45 PM","7/27/26, 12:45 PM",,,,100046297
Approved,,SOX BSI - Non Person,Entitlement Owner Access Review for SOX BSI - Non Person,"2026 Q2 PAM BSI SOX Entitlement Owner Certification[7/23/26, 10:25:07 AM EDT]","2026 Q2, BSI, PAM, SOX",100046297,"Borges, Dayam",,False,No,No,ITOPS_W_ADM,Account Removed,Entitlement Owner,Entitlement,ITOPS_W_ADM HAS PRIVILEGED ACCESS TO SOX APPLICATIONS VIA THE MIA.USA.SINVEST ENTERPRISE WIDE DOMAIN GROUP CISCO ISE ADMINISTRATORS,,"Borges, Dayam",dborges@bpi-gruposantander.com,A,"Oliveros, Jose Manuel","Borges, Dayam","7/27/26, 12:45 PM","7/27/26, 12:45 PM",,,,100046297
Approved,,SOX BSI - Non Person,Entitlement Owner Access Review for SOX BSI - Non Person,"2026 Q2 PAM BSI SOX Entitlement Owner Certification[7/23/26, 10:25:07 AM EDT]","2026 Q2, BSI, PAM, SOX",100046297,"Borges, Dayam",,False,No,No,ITOPS_W_ADM,Account Removed,Entitlement Owner,Entitlement,ITOPS_W_ADM HAS PRIVILEGED ACCESS TO SOX APPLICATIONS VIA THE MIA.USA.SINVEST ENTERPRISE WIDE DOMAIN GROUP F5FULLADMIN,,"Borges, Dayam",dborges@bpi-gruposantander.com,A,"Oliveros, Jose Manuel","Borges, Dayam","7/27/26, 12:45 PM","7/27/26, 12:45 PM",,,,100046297
Approved,,SOX BSI - Non Person,Entitlement Owner Access Review for SOX BSI - Non Person,"2026 Q2 PAM BSI SOX Entitlement Owner Certification[7/23/26, 10:25:07 AM EDT]","2026 Q2, BSI, PAM, SOX",100046297,"Borges, Dayam",,False,No,No,QUALYS_SCAN,Account Removed,Entitlement Owner,Entitlement,QUALYS_SCAN HAS PRIVILEGED ACCESS TO SOX APPLICATION ECO/EBANKING ON SERVER ENDOR WITH PERMISSIONS ALL=(ROOT) NOPASSWD: ALL.,,"Borges, Dayam",dborges@bpi-gruposantander.com,A,"Oliveros, Jose Manuel","Borges, Dayam","7/27/26, 12:45 PM","7/27/26, 12:45 PM",,,,100046297
Approved,,SOX BSI - Non Person,Entitlement Owner Access Review for SOX BSI - Non Person,"2026 Q2 PAM BSI SOX Entitlement Owner Certification[7/23/26, 10:25:07 AM EDT]","2026 Q2, BSI, PAM, SOX",100046297,"Borges, Dayam",,False,No,No,QUALYS_SCAN,Account Removed,Entitlement Owner,Entitlement,QUALYS_SCAN HAS PRIVILEGED ACCESS TO SOX APPLICATION ECO/EBANKING ON SERVER MIA-DC-PHOEBE WITH PERMISSIONS ALL=(ROOT) NOPASSWD: ALL.,,"Borges, Dayam",dborges@bpi-gruposantander.com,A,"Oliveros, Jose Manuel","Borges, Dayam","7/27/26, 12:45 PM","7/27/26, 12:45 PM",,,,100046297
Approved,,SOX BSI - Non Person,Entitlement Owner Access Review for SOX BSI - Non Person,"2026 Q2 PAM BSI SOX Entitlement Owner Certification[7/23/26, 10:25:07 AM EDT]","2026 Q2, BSI, PAM, SOX",100046297,"Borges, Dayam",,False,No,No,QUALYS_SCAN,Account Removed,Entitlement Owner,Entitlement,QUALYS_SCAN HAS PRIVILEGED ACCESS TO SOX APPLICATION ECO/EBANKING ON SERVER MIAECODIR WITH PERMISSIONS ALL=(ROOT) NOPASSWD: ALL.,,"Borges, Dayam",dborges@bpi-gruposantander.com,A,"Oliveros, Jose Manuel","Borges, Dayam","7/27/26, 12:45 PM","7/27/26, 12:45 PM",,,,100046297
Approved,,SOX BSI - Non Person,Entitlement Owner Access Review for SOX BSI - Non Person,"2026 Q2 PAM BSI SOX Entitlement Owner Certification[7/23/26, 10:25:07 AM EDT]","2026 Q2, BSI, PAM, SOX",100046297,"Borges, Dayam",,False,No,No,QUALYS_SCAN,Account Removed,Entitlement Owner,Entitlement,QUALYS_SCAN HAS PRIVILEGED ACCESS TO SOX APPLICATION ECO/EBANKING ON SERVER MIAECOFS WITH PERMISSIONS ALL=(ROOT) NOPASSWD: ALL.,,"Borges, Dayam",dborges@bpi-gruposantander.com,A,"Oliveros, Jose Manuel","Borges, Dayam","7/27/26, 12:45 PM","7/27/26, 12:45 PM",,,,100046297
Approved,,SOX BSI - Non Person,Entitlement Owner Access Review for SOX BSI - Non Person,"2026 Q2 PAM BSI SOX Entitlement Owner Certification[7/23/26, 10:25:07 AM EDT]","2026 Q2, BSI, PAM, SOX",100046297,"Borges, Dayam",,False,No,No,QUALYS_SCAN,Account Removed,Entitlement Owner,Entitlement,QUALYS_SCAN HAS PRIVILEGED ACCESS TO SOX APPLICATION ECO/EBANKING ON SERVER MIAECOWAS WITH PERMISSIONS ALL=(ROOT) NOPASSWD: ALL.,,"Borges, Dayam",dborges@bpi-gruposantander.com,A,"Oliveros, Jose Manuel","Borges, Dayam","7/27/26, 12:45 PM","7/27/26, 12:45 PM",,,,100046297
Approved,,SOX BSI - Non Person,Entitlement Owner Access Review for SOX BSI - Non Person,"2026 Q2 PAM BSI SOX Entitlement Owner Certification[7/23/26, 10:25:07 AM EDT]","2026 Q2, BSI, PAM, SOX",100046297,"Borges, Dayam",,False,No,No,QUALYS_SCAN,Account Removed,Entitlement Owner,Entitlement,QUALYS_SCAN HAS PRIVILEGED ACCESS TO SOX APPLICATION ECO/EBANKING ON SERVER MIAECOWEB WITH PERMISSIONS ALL=(ROOT) NOPASSWD: ALL.,,"Borges, Dayam",dborges@bpi-gruposantander.com,A,"Oliveros, Jose Manuel","Borges, Dayam","7/27/26, 12:45 PM","7/27/26, 12:45 PM",,,,100046297
Approved,,SOX BSI - Non Person,Entitlement Owner Access Review for SOX BSI - Non Person,"2026 Q2 PAM BSI SOX Entitlement Owner Certification[7/23/26, 10:25:07 AM EDT]","2026 Q2, BSI, PAM, SOX",100046297,"Borges, Dayam",,False,No,No,QUALYS_SCAN,Account Removed,Entitlement Owner,Entitlement,QUALYS_SCAN HAS PRIVILEGED ACCESS TO SOX APPLICATION T24 ON SERVER MIASX1 WITH PERMISSIONS ALL=(ROOT) NOPASSWD: ALL.,,"Borges, Dayam",dborges@bpi-gruposantander.com,A,"Oliveros, Jose Manuel","Borges, Dayam","7/27/26, 12:45 PM","7/27/26, 12:45 PM",,,,100046297
Approved,,SOX BSI - Non Person,Entitlement Owner Access Review for SOX BSI - Non Person,"2026 Q2 PAM BSI SOX Entitlement Owner Certification[7/23/26, 10:25:07 AM EDT]","2026 Q2, BSI, PAM, SOX",100046297,"Borges, Dayam",,False,No,No,QUALYS_SCAN,Account Removed,Entitlement Owner,Entitlement,QUALYS_SCAN HAS PRIVILEGED ACCESS TO SOX APPLICATION T24 ON SERVER MIASXPRD-MGT WITH PERMISSIONS ALL=(ROOT) NOPASSWD: ALL.,,"Borges, Dayam",dborges@bpi-gruposantander.com,A,"Oliveros, Jose Manuel","Borges, Dayam","7/27/26, 12:45 PM","7/27/26, 12:45 PM",,,,100046297
Approved,,SOX BSI - Non Person,Entitlement Owner Access Review for SOX BSI - Non Person,"2026 Q2 PAM BSI SOX Entitlement Owner Certification[7/23/26, 10:25:07 AM EDT]","2026 Q2, BSI, PAM, SOX",100046297,"Borges, Dayam",,False,No,No,HALT,Account Removed,Entitlement Owner,Entitlement,HALT HAS PRIVILEGED ACCESS TO SOX APPLICATION ECO/EBANKING ON SERVER ENDOR WITH PERMISSIONS GID 0.,,"Borges, Dayam",dborges@bpi-gruposantander.com,A,"Oliveros, Jose Manuel","Borges, Dayam","7/27/26, 12:45 PM","7/27/26, 12:45 PM",,,,100046297
Approved,,SOX BSI - Non Person,Entitlement Owner Access Review for SOX BSI - Non Person,"2026 Q2 PAM BSI SOX Entitlement Owner Certification[7/23/26, 10:25:07 AM EDT]","2026 Q2, BSI, PAM, SOX",100046297,"Borges, Dayam",,False,No,No,HALT,Account Removed,Entitlement Owner,Entitlement,HALT HAS PRIVILEGED ACCESS TO SOX APPLICATION ECO/EBANKING ON SERVER MIA-DC-PHOEBE WITH PERMISSIONS GID 0.,,"Borges, Dayam",dborges@bpi-gruposantander.com,A,"Oliveros, Jose Manuel","Borges, Dayam","7/27/26, 12:45 PM","7/27/26, 12:45 PM",,,,100046297
Approved,,SOX BSI - Non Person,Entitlement Owner Access Review for SOX BSI - Non Person,"2026 Q2 PAM BSI SOX Entitlement Owner Certification[7/23/26, 10:25:07 AM EDT]","2026 Q2, BSI, PAM, SOX",100046297,"Borges, Dayam",,False,No,No,HALT,Account Removed,Entitlement Owner,Entitlement,HALT HAS PRIVILEGED ACCESS TO SOX APPLICATION ECO/EBANKING ON SERVER MIAECODIR WITH PERMISSIONS GID 0.,,"Borges, Dayam",dborges@bpi-gruposantander.com,A,"Oliveros, Jose Manuel","Borges, Dayam","7/27/26, 12:45 PM","7/27/26, 12:45 PM",,,,100046297
Approved,,SOX BSI - Non Person,Entitlement Owner Access Review for SOX BSI - Non Person,"2026 Q2 PAM BSI SOX Entitlement Owner Certification[7/23/26, 10:25:07 AM EDT]","2026 Q2, BSI, PAM, SOX",100046297,"Borges, Dayam",,False,No,No,HALT,Account Removed,Entitlement Owner,Entitlement,HALT HAS PRIVILEGED ACCESS TO SOX APPLICATION ECO/EBANKING ON SERVER MIAECOFS WITH PERMISSIONS GID 0.,,"Borges, Dayam",dborges@bpi-gruposantander.com,A,"Oliveros, Jose Manuel","Borges, Dayam","7/27/26, 12:45 PM","7/27/26, 12:45 PM",,,,100046297
Approved,,SOX BSI - Non Person,Entitlement Owner Access Review for SOX BSI - Non Person,"2026 Q2 PAM BSI SOX Entitlement Owner Certification[7/23/26, 10:25:07 AM EDT]","2026 Q2, BSI, PAM, SOX",100046297,"Borges, Dayam",,False,No,No,HALT,Account Removed,Entitlement Owner,Entitlement,HALT HAS PRIVILEGED ACCESS TO SOX APPLICATION ECO/EBANKING ON SERVER MIAECOWAS WITH PERMISSIONS GID 0.,,"Borges, Dayam",dborges@bpi-gruposantander.com,A,"Oliveros, Jose Manuel","Borges, Dayam","7/27/26, 12:45 PM","7/27/26, 12:45 PM",,,,100046297
Approved,,SOX BSI - Non Person,Entitlement Owner Access Review for SOX BSI - Non Person,"2026 Q2 PAM BSI SOX Entitlement Owner Certification[7/23/26, 10:25:07 AM EDT]","2026 Q2, BSI, PAM, SOX",100046297,"Borges, Dayam",,False,No,No,HALT,Account Removed,Entitlement Owner,Entitlement,HALT HAS PRIVILEGED ACCESS TO SOX APPLICATION ECO/EBANKING ON SERVER MIAECOWEB WITH PERMISSIONS GID 0.,,"Borges, Dayam",dborges@bpi-gruposantander.com,A,"Oliveros, Jose Manuel","Borges, Dayam","7/27/26, 12:45 PM","7/27/26, 12:45 PM",,,,100046297
Approved,,SOX BSI - Non Person,Entitlement Owner Access Review for SOX BSI - Non Person,"2026 Q2 PAM BSI SOX Entitlement Owner Certification[7/23/26, 10:25:07 AM EDT]","2026 Q2, BSI, PAM, SOX",100046297,"Borges, Dayam",,False,No,No,PRIFIAMD,Account Removed,Entitlement Owner,Entitlement,PRIFIAMD has privileged (DB Permission) access to ECO/eBanking Server:MIA-DC-PHOEBE Instance:PHOECDB DB:PHOECDB through role EXP_FULL_DATABASE.,,"Borges, Dayam",dborges@bpi-gruposantander.com,A,"Oliveros, Jose Manuel","Borges, Dayam","7/27/26, 12:45 PM","7/27/26, 12:45 PM",,,,100046297
Approved,,SOX BSI - Non Person,Entitlement Owner Access Review for SOX BSI - Non Person,"2026 Q2 PAM BSI SOX Entitlement Owner Certification[7/23/26, 10:25:07 AM EDT]","2026 Q2, BSI, PAM, SOX",100046297,"Borges, Dayam",,False,No,No,PRIFIAMD,Account Removed,Entitlement Owner,Entitlement,PRIFIAMD has privileged (DB Role) access to ECO/eBanking Server:MIA-DC-PHOEBE Instance:PHOECDB DB:PHOECDB through role SELECT_CATALOG_ROLE.,,"Borges, Dayam",dborges@bpi-gruposantander.com,A,"Oliveros, Jose Manuel","Borges, Dayam","7/27/26, 12:45 PM","7/27/26, 12:45 PM",,,,100046297
Approved,,SOX BSI - Non Person,Entitlement Owner Access Review for SOX BSI - Non Person,"2026 Q2 PAM BSI SOX Entitlement Owner Certification[7/23/26, 10:25:07 AM EDT]","2026 Q2, BSI, PAM, SOX",100046297,"Borges, Dayam",,False,No,No,PRIFIAMD,Account Removed,Entitlement Owner,Entitlement,PRIFIAMD has privileged (Instance Permission) access to ReconXpert Server:MIA-DC-SQL3 Instance:MIA-DC-SQL3 DB:N/A.,,"Borges, Dayam",dborges@bpi-gruposantander.com,A,"Oliveros, Jose Manuel","Borges, Dayam","7/27/26, 12:45 PM","7/27/26, 12:45 PM",,,,100046297
Approved,,SOX BSI - Non Person,Entitlement Owner Access Review for SOX BSI - Non Person,"2026 Q2 PAM BSI SOX Entitlement Owner Certification[7/23/26, 10:25:07 AM EDT]","2026 Q2, BSI, PAM, SOX",100046297,"Borges, Dayam",,False,No,No,APPACC_SAILPOINT,Account Removed,Entitlement Owner,Entitlement,AppAcc_SailPoint has privileged (Instance Role) access to ReconXpert Server:MIA-DC-SQL3 Instance:MIA-DC-SQL3 DB:N/A through role sysadmin.,,"Borges, Dayam",dborges@bpi-gruposantander.com,A,"Oliveros, Jose Manuel","Borges, Dayam","7/27/26, 12:45 PM","7/27/26, 12:45 PM",,,,100046297
Approved,,SOX BSI - Non Person,Entitlement Owner Access Review for SOX BSI - Non Person,"2026 Q2 PAM BSI SOX Entitlement Owner Certification[7/23/26, 10:25:07 AM EDT]","2026 Q2, BSI, PAM, SOX",100046297,"Borges, Dayam",,False,No,No,OPERATOR,Account Removed,Entitlement Owner,Entitlement,OPERATOR HAS PRIVILEGED ACCESS TO SOX APPLICATION ECO/EBANKING ON SERVER ENDOR WITH PERMISSIONS GID 0.,,"Borges, Dayam",dborges@bpi-gruposantander.com,A,"Oliveros, Jose Manuel","Borges, Dayam","7/27/26, 12:45 PM","7/27/26, 12:45 PM",,,,100046297
Approved,,SOX BSI - Non Person,Entitlement Owner Access Review for SOX BSI - Non Person,"2026 Q2 PAM BSI SOX Entitlement Owner Certification[7/23/26, 10:25:07 AM EDT]","2026 Q2, BSI, PAM, SOX",100046297,"Borges, Dayam",,False,No,No,OPERATOR,Account Removed,Entitlement Owner,Entitlement,OPERATOR HAS PRIVILEGED ACCESS TO SOX APPLICATION ECO/EBANKING ON SERVER MIA-DC-PHOEBE WITH PERMISSIONS GID 0.,,"Borges, Dayam",dborges@bpi-gruposantander.com,A,"Oliveros, Jose Manuel","Borges, Dayam","7/27/26, 12:45 PM","7/27/26, 12:45 PM",,,,100046297
Approved,,SOX BSI - Non Person,Entitlement Owner Access Review for SOX BSI - Non Person,"2026 Q2 PAM BSI SOX Entitlement Owner Certification[7/23/26, 10:25:07 AM EDT]","2026 Q2, BSI, PAM, SOX",100046297,"Borges, Dayam",,False,No,No,OPERATOR,Account Removed,Entitlement Owner,Entitlement,OPERATOR HAS PRIVILEGED ACCESS TO SOX APPLICATION ECO/EBANKING ON SERVER MIAECODIR WITH PERMISSIONS GID 0.,,"Borges, Dayam",dborges@bpi-gruposantander.com,A,"Oliveros, Jose Manuel","Borges, Dayam","7/27/26, 12:45 PM","7/27/26, 12:45 PM",,,,100046297
Approved,,SOX BSI - Non Person,Entitlement Owner Access Review for SOX BSI - Non Person,"2026 Q2 PAM BSI SOX Entitlement Owner Certification[7/23/26, 10:25:07 AM EDT]","2026 Q2, BSI, PAM, SOX",100046297,"Borges, Dayam",,False,No,No,OPERATOR,Account Removed,Entitlement Owner,Entitlement,OPERATOR HAS PRIVILEGED ACCESS TO SOX APPLICATION ECO/EBANKING ON SERVER MIAECOFS WITH PERMISSIONS GID 0.,,"Borges, Dayam",dborges@bpi-gruposantander.com,A,"Oliveros, Jose Manuel","Borges, Dayam","7/27/26, 12:45 PM","7/27/26, 12:45 PM",,,,100046297
Approved,,SOX BSI - Non Person,Entitlement Owner Access Review for SOX BSI - Non Person,"2026 Q2 PAM BSI SOX Entitlement Owner Certification[7/23/26, 10:25:07 AM EDT]","2026 Q2, BSI, PAM, SOX",100046297,"Borges, Dayam",,False,No,No,OPERATOR,Account Removed,Entitlement Owner,Entitlement,OPERATOR HAS PRIVILEGED ACCESS TO SOX APPLICATION ECO/EBANKING ON SERVER MIAECOWAS WITH PERMISSIONS GID 0.,,"Borges, Dayam",dborges@bpi-gruposantander.com,A,"Oliveros, Jose Manuel","Borges, Dayam","7/27/26, 12:45 PM","7/27/26, 12:45 PM",,,,100046297
Approved,,SOX BSI - Non Person,Entitlement Owner Access Review for SOX BSI - Non Person,"2026 Q2 PAM BSI SOX Entitlement Owner Certification[7/23/26, 10:25:07 AM EDT]","2026 Q2, BSI, PAM, SOX",100046297,"Borges, Dayam",,False,No,No,OPERATOR,Account Removed,Entitlement Owner,Entitlement,OPERATOR HAS PRIVILEGED ACCESS TO SOX APPLICATION ECO/EBANKING ON SERVER MIAECOWEB WITH PERMISSIONS GID 0.,,"Borges, Dayam",dborges@bpi-gruposantander.com,A,"Oliveros, Jose Manuel","Borges, Dayam","7/27/26, 12:45 PM","7/27/26, 12:45 PM",,,,100046297
Approved,,SOX BSI - Non Person,Entitlement Owner Access Review for SOX BSI - Non Person,"2026 Q2 PAM BSI SOX Entitlement Owner Certification[7/23/26, 10:25:07 AM EDT]","2026 Q2, BSI, PAM, SOX",100046297,"Borges, Dayam",,False,No,No,BSI_US\MIAQUALYS,Account Removed,Entitlement Owner,Entitlement,BSI_US\MIAQUALYS has privileged (Instance Role) access to ReconXpert Server:MIA-DC-SQL3 Instance:MIA-DC-SQL3 DB:N/A through role sysadmin.,,"Borges, Dayam",dborges@bpi-gruposantander.com,A,"Oliveros, Jose Manuel","Borges, Dayam","7/27/26, 12:45 PM","7/27/26, 12:45 PM",,,,100046297
Approved,,SOX BSI - Non Person,Entitlement Owner Access Review for SOX BSI - Non Person,"2026 Q2 PAM BSI SOX Entitlement Owner Certification[7/23/26, 10:25:07 AM EDT]","2026 Q2, BSI, PAM, SOX",100046297,"Borges, Dayam",,False,No,No,BSI_US\MIAQUALYS,Account Removed,Entitlement Owner,Entitlement,BSI_US\MIAQUALYS has privileged (Instance Permission) access to ReconXpert Server:MIA-DC-SQL3 Instance:MIA-DC-SQL3 DB:N/A.,,"Borges, Dayam",dborges@bpi-gruposantander.com,A,"Oliveros, Jose Manuel","Borges, Dayam","7/27/26, 12:45 PM","7/27/26, 12:45 PM",,,,100046297
Approved,,SOX BSI - Non Person,Entitlement Owner Access Review for SOX BSI - Non Person,"2026 Q2 PAM BSI SOX Entitlement Owner Certification[7/23/26, 10:25:07 AM EDT]","2026 Q2, BSI, PAM, SOX",100046297,"Borges, Dayam",,False,No,No,PRIFIAMS,Account Removed,Entitlement Owner,Entitlement,PRIFIAMS HAS PRIVILEGED ACCESS TO SOX APPLICATION ECO/EBANKING ON SERVER ENDOR WITH PERMISSIONS ALL=(ROOT) NOPASSWD: PRIFIAM.,,"Borges, Dayam",dborges@bpi-gruposantander.com,A,"Oliveros, Jose Manuel","Borges, Dayam","7/27/26, 12:45 PM","7/27/26, 12:45 PM",,,,100046297
Approved,,SOX BSI - Non Person,Entitlement Owner Access Review for SOX BSI - Non Person,"2026 Q2 PAM BSI SOX Entitlement Owner Certification[7/23/26, 10:25:07 AM EDT]","2026 Q2, BSI, PAM, SOX",100046297,"Borges, Dayam",,False,No,No,PRIFIAMS,Account Removed,Entitlement Owner,Entitlement,PRIFIAMS HAS PRIVILEGED ACCESS TO SOX APPLICATION ECO/EBANKING ON SERVER MIA-DC-PHOEBE WITH PERMISSIONS ALL=(ROOT) NOPASSWD: PRIFIAM.,,"Borges, Dayam",dborges@bpi-gruposantander.com,A,"Oliveros, Jose Manuel","Borges, Dayam","7/27/26, 12:45 PM","7/27/26, 12:45 PM",,,,100046297
Approved,,SOX BSI - Non Person,Entitlement Owner Access Review for SOX BSI - Non Person,"2026 Q2 PAM BSI SOX Entitlement Owner Certification[7/23/26, 10:25:07 AM EDT]","2026 Q2, BSI, PAM, SOX",100046297,"Borges, Dayam",,False,No,No,PRIFIAMS,Account Removed,Entitlement Owner,Entitlement,PRIFIAMS HAS PRIVILEGED ACCESS TO SOX APPLICATION ECO/EBANKING ON SERVER MIAECODIR WITH PERMISSIONS ALL=(ROOT) NOPASSWD: PRIFIAM.,,"Borges, Dayam",dborges@bpi-gruposantander.com,A,"Oliveros, Jose Manuel","Borges, Dayam","7/27/26, 12:45 PM","7/27/26, 12:45 PM",,,,100046297
Approved,,SOX BSI - Non Person,Entitlement Owner Access Review for SOX BSI - Non Person,"2026 Q2 PAM BSI SOX Entitlement Owner Certification[7/23/26, 10:25:07 AM EDT]","2026 Q2, BSI, PAM, SOX",100046297,"Borges, Dayam",,False,No,No,PRIFIAMS,Account Removed,Entitlement Owner,Entitlement,PRIFIAMS HAS PRIVILEGED ACCESS TO SOX APPLICATION ECO/EBANKING ON SERVER MIAECOFS WITH PERMISSIONS ALL=(ROOT) NOPASSWD: PRIFIAM.,,"Borges, Dayam",dborges@bpi-gruposantander.com,A,"Oliveros, Jose Manuel","Borges, Dayam","7/27/26, 12:45 PM","7/27/26, 12:45 PM",,,,100046297
Approved,,SOX BSI - Non Person,Entitlement Owner Access Review for SOX BSI - Non Person,"2026 Q2 PAM BSI SOX Entitlement Owner Certification[7/23/26, 10:25:07 AM EDT]","2026 Q2, BSI, PAM, SOX",100046297,"Borges, Dayam",,False,No,No,PRIFIAMS,Account Removed,Entitlement Owner,Entitlement,PRIFIAMS HAS PRIVILEGED ACCESS TO SOX APPLICATION ECO/EBANKING ON SERVER MIAECOWAS WITH PERMISSIONS ALL=(ROOT) NOPASSWD: PRIFIAM.,,"Borges, Dayam",dborges@bpi-gruposantander.com,A,"Oliveros, Jose Manuel","Borges, Dayam","7/27/26, 12:45 PM","7/27/26, 12:45 PM",,,,100046297
Approved,,SOX BSI - Non Person,Entitlement Owner Access Review for SOX BSI - Non Person,"2026 Q2 PAM BSI SOX Entitlement Owner Certification[7/23/26, 10:25:07 AM EDT]","2026 Q2, BSI, PAM, SOX",100046297,"Borges, Dayam",,False,No,No,PRIFIAMS,Account Removed,Entitlement Owner,Entitlement,PRIFIAMS HAS PRIVILEGED ACCESS TO SOX APPLICATION ECO/EBANKING ON SERVER MIAECOWEB WITH PERMISSIONS ALL=(ROOT) NOPASSWD: PRIFIAM.,,"Borges, Dayam",dborges@bpi-gruposantander.com,A,"Oliveros, Jose Manuel","Borges, Dayam","7/27/26, 12:45 PM","7/27/26, 12:45 PM",,,,100046297
Approved,,SOX BSI - Non Person,Entitlement Owner Access Review for SOX BSI - Non Person,"2026 Q2 PAM BSI SOX Entitlement Owner Certification[7/23/26, 10:25:07 AM EDT]","2026 Q2, BSI, PAM, SOX",100046297,"Borges, Dayam",,False,No,No,PRIFIAMS,Account Removed,Entitlement Owner,Entitlement,PRIFIAMS HAS PRIVILEGED ACCESS TO SOX APPLICATION T24 ON SERVER MIASX1 WITH PERMISSIONS ALL=(ROOT) NOPASSWD: PRIFIAM.,,"Borges, Dayam",dborges@bpi-gruposantander.com,A,"Oliveros, Jose Manuel","Borges, Dayam","7/27/26, 12:45 PM","7/27/26, 12:45 PM",,,,100046297
Approved,,SOX BSI - Non Person,Entitlement Owner Access Review for SOX BSI - Non Person,"2026 Q2 PAM BSI SOX Entitlement Owner Certification[7/23/26, 10:25:07 AM EDT]","2026 Q2, BSI, PAM, SOX",100046297,"Borges, Dayam",,False,No,No,PRIFIAMS,Account Removed,Entitlement Owner,Entitlement,PRIFIAMS HAS PRIVILEGED ACCESS TO SOX APPLICATION T24 ON SERVER MIASXPRD-MGT WITH PERMISSIONS ALL=(ROOT) NOPASSWD: PRIFIAM.,,"Borges, Dayam",dborges@bpi-gruposantander.com,A,"Oliveros, Jose Manuel","Borges, Dayam","7/27/26, 12:45 PM","7/27/26, 12:45 PM",,,,100046297
Approved,,SOX BSI - Non Person,Entitlement Owner Access Review for SOX BSI - Non Person,"2026 Q2 PAM BSI SOX Entitlement Owner Certification[7/23/26, 10:25:07 AM EDT]","2026 Q2, BSI, PAM, SOX",100046297,"Borges, Dayam",,False,No,No,PWS_ROOT,Account Removed,Entitlement Owner,Entitlement,PWS_ROOT HAS PRIVILEGED ACCESS TO SOX APPLICATION T24 ON SERVER MIASX1 WITH PERMISSIONS UID 0.,,"Borges, Dayam",dborges@bpi-gruposantander.com,A,"Oliveros, Jose Manuel","Borges, Dayam","7/27/26, 12:45 PM","7/27/26, 12:45 PM",,,,100046297
Approved,,SOX BSI - Non Person,Entitlement Owner Access Review for SOX BSI - Non Person,"2026 Q2 PAM BSI SOX Entitlement Owner Certification[7/23/26, 10:25:07 AM EDT]","2026 Q2, BSI, PAM, SOX",100046297,"Borges, Dayam",,False,No,No,PWS_ROOT,Account Removed,Entitlement Owner,Entitlement,PWS_ROOT HAS PRIVILEGED ACCESS TO SOX APPLICATION T24 ON SERVER MIASX1 WITH PERMISSIONS GID 0.,,"Borges, Dayam",dborges@bpi-gruposantander.com,A,"Oliveros, Jose Manuel","Borges, Dayam","7/27/26, 12:45 PM","7/27/26, 12:45 PM",,,,100046297
Approved,,SOX BSI - Non Person,Entitlement Owner Access Review for SOX BSI - Non Person,"2026 Q2 PAM BSI SOX Entitlement Owner Certification[7/23/26, 10:25:07 AM EDT]","2026 Q2, BSI, PAM, SOX",100046297,"Borges, Dayam",,False,No,No,MIAT24BCKP,Account Removed,Entitlement Owner,Entitlement,MIAT24BCKP HAS PRIVILEGED ACCESS TO SOX APPLICATION T24 ON SERVER MIASX1 WITH PERMISSIONS ALL=(ROOT) NOPASSWD:SETENV: T24BCKP.,,"Borges, Dayam",dborges@bpi-gruposantander.com,A,"Oliveros, Jose Manuel","Borges, Dayam","7/27/26, 12:45 PM","7/27/26, 12:45 PM",,,,100046297
Approved,,SOX BSI - Non Person,Entitlement Owner Access Review for SOX BSI - Non Person,"2026 Q2 PAM BSI SOX Entitlement Owner Certification[7/23/26, 10:25:07 AM EDT]","2026 Q2, BSI, PAM, SOX",100046297,"Borges, Dayam",,False,No,No,ITSEC_W_RDP,Account Removed,Entitlement Owner,Entitlement,ITSEC_W_RDP HAS PRIVILEGED ACCESS TO SOX APPLICATIONS VIA THE MIA.USA.SINVEST ENTERPRISE WIDE DOMAIN GROUP DOMAIN ADMINS,,"Borges, Dayam",dborges@bpi-gruposantander.com,A,"Oliveros, Jose Manuel","Borges, Dayam","7/27/26, 12:45 PM","7/27/26, 12:45 PM",,,,100046297
Approved,,SOX BSI - Non Person,Entitlement Owner Access Review for SOX BSI - Non Person,"2026 Q2 PAM BSI SOX Entitlement Owner Certification[7/23/26, 10:25:07 AM EDT]","2026 Q2, BSI, PAM, SOX",100046297,"Borges, Dayam",,False,No,No,ITSEC_W_RDP,Account Removed,Entitlement Owner,Entitlement,ITSEC_W_RDP HAS PRIVILEGED ACCESS TO SOX APPLICATIONS VIA THE MIA.USA.SINVEST ENTERPRISE WIDE DOMAIN GROUP ADMINISTRATORS,,"Borges, Dayam",dborges@bpi-gruposantander.com,A,"Oliveros, Jose Manuel","Borges, Dayam","7/27/26, 12:45 PM","7/27/26, 12:45 PM",,,,100046297
Approved,,SOX BSI - Non Person,Entitlement Owner Access Review for SOX BSI - Non Person,"2026 Q2 PAM BSI SOX Entitlement Owner Certification[7/23/26, 10:25:07 AM EDT]","2026 Q2, BSI, PAM, SOX",100046297,"Borges, Dayam",,False,No,No,ITSEC_W_RDP,Account Removed,Entitlement Owner,Entitlement,ITSEC_W_RDP HAS PRIVILEGED ACCESS TO SOX APPLICATIONS VIA THE MIA.USA.SINVEST ENTERPRISE WIDE DOMAIN GROUP WKSTADMIN,,"Borges, Dayam",dborges@bpi-gruposantander.com,A,"Oliveros, Jose Manuel","Borges, Dayam","7/27/26, 12:45 PM","7/27/26, 12:45 PM",,,,100046297
Approved,,SOX BSI - Non Person,Entitlement Owner Access Review for SOX BSI - Non Person,"2026 Q2 PAM BSI SOX Entitlement Owner Certification[7/23/26, 10:25:07 AM EDT]","2026 Q2, BSI, PAM, SOX",100046297,"Borges, Dayam",,False,No,No,ITSEC_W_RDP,Account Removed,Entitlement Owner,Entitlement,ITSEC_W_RDP HAS PRIVILEGED ACCES TO SOX APPLICATION RECONXPERT WITHIN LOCAL GROUP ADMINISTRATORS ON SERVER:MIA-DC-APP02 THROUGH BSI_US DOMAIN GROUP DOMAIN ADMINS.,,"Borges, Dayam",dborges@bpi-gruposantander.com,A,"Oliveros, Jose Manuel","Borges, Dayam","7/27/26, 12:45 PM","7/27/26, 12:45 PM",,,,100046297
Approved,,SOX BSI - Non Person,Entitlement Owner Access Review for SOX BSI - Non Person,"2026 Q2 PAM BSI SOX Entitlement Owner Certification[7/23/26, 10:25:07 AM EDT]","2026 Q2, BSI, PAM, SOX",100046297,"Borges, Dayam",,False,No,No,ITSEC_W_RDP,Account Removed,Entitlement Owner,Entitlement,ITSEC_W_RDP HAS PRIVILEGED ACCES TO SOX APPLICATION RECONXPERT WITHIN LOCAL GROUP ADMINISTRATORS ON SERVER:MIA-DC-SQL3 THROUGH BSI_US DOMAIN GROUP DOMAIN ADMINS.,,"Borges, Dayam",dborges@bpi-gruposantander.com,A,"Oliveros, Jose Manuel","Borges, Dayam","7/27/26, 12:45 PM","7/27/26, 12:45 PM",,,,100046297
Approved,,SOX BSI - Non Person,Entitlement Owner Access Review for SOX BSI - Non Person,"2026 Q2 PAM BSI SOX Entitlement Owner Certification[7/23/26, 10:25:07 AM EDT]","2026 Q2, BSI, PAM, SOX",100046297,"Borges, Dayam",,False,No,No,BSI_US\ITOPS_W_RDP,Account Removed,Entitlement Owner,Entitlement,BSI_US\ITOps_W_RDP has privileged (Instance Role) access to ReconXpert Server:MIA-DC-SQL3 Instance:MIA-DC-SQL3 DB:N/A through role sysadmin.,,"Borges, Dayam",dborges@bpi-gruposantander.com,A,"Oliveros, Jose Manuel","Borges, Dayam","7/27/26, 12:45 PM","7/27/26, 12:45 PM",,,,100046297
Approved,,SOX BSI - Non Person,Entitlement Owner Access Review for SOX BSI - Non Person,"2026 Q2 PAM BSI SOX Entitlement Owner Certification[7/23/26, 10:25:07 AM EDT]","2026 Q2, BSI, PAM, SOX",100046297,"Borges, Dayam",,False,No,No,MIAEAVAULT,Account Removed,Entitlement Owner,Entitlement,MIAEAVAULT HAS PRIVILEGED ACCESS TO SOX APPLICATIONS VIA THE MIA.USA.SINVEST ENTERPRISE WIDE DOMAIN GROUP ADMINISTRATORS,,"Borges, Dayam",dborges@bpi-gruposantander.com,A,"Oliveros, Jose Manuel","Borges, Dayam","7/27/26, 12:45 PM","7/27/26, 12:45 PM",,,,100046297
Approved,,SOX BSI - Non Person,Entitlement Owner Access Review for SOX BSI - Non Person,"2026 Q2 PAM BSI SOX Entitlement Owner Certification[7/23/26, 10:25:07 AM EDT]","2026 Q2, BSI, PAM, SOX",100046297,"Borges, Dayam",,False,No,No,MIAEAVAULT,Account Removed,Entitlement Owner,Entitlement,MIAEAVAULT HAS PRIVILEGED ACCESS TO SOX APPLICATIONS VIA THE MIA.USA.SINVEST ENTERPRISE WIDE DOMAIN GROUP ENTERPRISE ADMINS,,"Borges, Dayam",dborges@bpi-gruposantander.com,A,"Oliveros, Jose Manuel","Borges, Dayam","7/27/26, 12:45 PM","7/27/26, 12:45 PM",,,,100046297
Approved,,SOX BSI - Non Person,Entitlement Owner Access Review for SOX BSI - Non Person,"2026 Q2 PAM BSI SOX Entitlement Owner Certification[7/23/26, 10:25:07 AM EDT]","2026 Q2, BSI, PAM, SOX",100046297,"Borges, Dayam",,False,No,No,PWS_MIAPRD,Account Removed,Entitlement Owner,Entitlement,PWS_MIAPRD HAS PRIVILEGED ACCESS TO SOX APPLICATION T24 ON SERVER MIASX1 WITH PERMISSIONS ALL=(MIAPRD) NOPASSWD: ALL.,,"Borges, Dayam",dborges@bpi-gruposantander.com,A,"Oliveros, Jose Manuel","Borges, Dayam","7/27/26, 12:45 PM","7/27/26, 12:45 PM",,,,100046297
Approved,,SOX BSI - Non Person,Entitlement Owner Access Review for SOX BSI - Non Person,"2026 Q2 PAM BSI SOX Entitlement Owner Certification[7/23/26, 10:25:07 AM EDT]","2026 Q2, BSI, PAM, SOX",100046297,"Borges, Dayam",,False,No,No,MIASIEM,Account Removed,Entitlement Owner,Entitlement,MIASIEM HAS PRIVILEGED ACCESS TO SOX APPLICATIONS VIA THE MIA.USA.SINVEST ENTERPRISE WIDE DOMAIN GROUP DOMAIN ADMINS,,"Borges, Dayam",dborges@bpi-gruposantander.com,A,"Oliveros, Jose Manuel","Borges, Dayam","7/27/26, 12:45 PM","7/27/26, 12:45 PM",,,,100046297
Approved,,SOX BSI - Non Person,Entitlement Owner Access Review for SOX BSI - Non Person,"2026 Q2 PAM BSI SOX Entitlement Owner Certification[7/23/26, 10:25:07 AM EDT]","2026 Q2, BSI, PAM, SOX",100046297,"Borges, Dayam",,False,No,No,MIASIEM,Account Removed,Entitlement Owner,Entitlement,MIASIEM HAS PRIVILEGED ACCESS TO SOX APPLICATIONS VIA THE MIA.USA.SINVEST ENTERPRISE WIDE DOMAIN GROUP ADMINISTRATORS,,"Borges, Dayam",dborges@bpi-gruposantander.com,A,"Oliveros, Jose Manuel","Borges, Dayam","7/27/26, 12:45 PM","7/27/26, 12:45 PM",,,,100046297
Approved,,SOX BSI - Non Person,Entitlement Owner Access Review for SOX BSI - Non Person,"2026 Q2 PAM BSI SOX Entitlement Owner Certification[7/23/26, 10:25:07 AM EDT]","2026 Q2, BSI, PAM, SOX",100046297,"Borges, Dayam",,False,No,No,MIASIEM,Account Removed,Entitlement Owner,Entitlement,MIASIEM HAS PRIVILEGED ACCESS TO SOX APPLICATIONS VIA THE MIA.USA.SINVEST ENTERPRISE WIDE DOMAIN GROUP WKSTADMIN,,"Borges, Dayam",dborges@bpi-gruposantander.com,A,"Oliveros, Jose Manuel","Borges, Dayam","7/27/26, 12:45 PM","7/27/26, 12:45 PM",,,,100046297
Approved,,SOX BSI - Non Person,Entitlement Owner Access Review for SOX BSI - Non Person,"2026 Q2 PAM BSI SOX Entitlement Owner Certification[7/23/26, 10:25:07 AM EDT]","2026 Q2, BSI, PAM, SOX",100046297,"Borges, Dayam",,False,No,No,MIASIEM,Account Removed,Entitlement Owner,Entitlement,MIASIEM HAS PRIVILEGED ACCES TO SOX APPLICATION RECONXPERT WITHIN LOCAL GROUP ADMINISTRATORS ON SERVER:MIA-DC-APP02 THROUGH BSI_US DOMAIN GROUP DOMAIN ADMINS.,,"Borges, Dayam",dborges@bpi-gruposantander.com,A,"Oliveros, Jose Manuel","Borges, Dayam","7/27/26, 12:45 PM","7/27/26, 12:45 PM",,,,100046297
Approved,,SOX BSI - Non Person,Entitlement Owner Access Review for SOX BSI - Non Person,"2026 Q2 PAM BSI SOX Entitlement Owner Certification[7/23/26, 10:25:07 AM EDT]","2026 Q2, BSI, PAM, SOX",100046297,"Borges, Dayam",,False,No,No,MIASIEM,Account Removed,Entitlement Owner,Entitlement,MIASIEM HAS PRIVILEGED ACCES TO SOX APPLICATION RECONXPERT WITHIN LOCAL GROUP ADMINISTRATORS ON SERVER:MIA-DC-SQL3 THROUGH BSI_US DOMAIN GROUP DOMAIN ADMINS.,,"Borges, Dayam",dborges@bpi-gruposantander.com,A,"Oliveros, Jose Manuel","Borges, Dayam","7/27/26, 12:45 PM","7/27/26, 12:45 PM",,,,100046297
Approved,,SOX BSI - Non Person,Entitlement Owner Access Review for SOX BSI - Non Person,"2026 Q2 PAM BSI SOX Entitlement Owner Certification[7/23/26, 10:25:07 AM EDT]","2026 Q2, BSI, PAM, SOX",100046297,"Borges, Dayam",,False,No,No,BSI_US-PRIFIAMS,Account Removed,Entitlement Owner,Entitlement,BSI_US-PRIFIAMS HAS PRIVILEGED ACCES TO SOX APPLICATION RECONXPERT WITHIN LOCAL GROUP ADMINISTRATORS ON SERVER:MIA-DC-APP02.,,"Borges, Dayam",dborges@bpi-gruposantander.com,A,"Oliveros, Jose Manuel","Borges, Dayam","7/27/26, 12:45 PM","7/27/26, 12:45 PM",,,,100046297
Approved,,SOX BSI - Non Person,Entitlement Owner Access Review for SOX BSI - Non Person,"2026 Q2 PAM BSI SOX Entitlement Owner Certification[7/23/26, 10:25:07 AM EDT]","2026 Q2, BSI, PAM, SOX",100046297,"Borges, Dayam",,False,No,No,BSI_US-PRIFIAMS,Account Removed,Entitlement Owner,Entitlement,BSI_US-PRIFIAMS HAS PRIVILEGED ACCES TO SOX APPLICATION RECONXPERT WITHIN LOCAL GROUP ADMINISTRATORS ON SERVER:MIA-DC-SQL3.,,"Borges, Dayam",dborges@bpi-gruposantander.com,A,"Oliveros, Jose Manuel","Borges, Dayam","7/27/26, 12:45 PM","7/27/26, 12:45 PM",,,,100046297
Approved,,SOX BSI - Non Person,Entitlement Owner Access Review for SOX BSI - Non Person,"2026 Q2 PAM BSI SOX Entitlement Owner Certification[7/23/26, 10:25:07 AM EDT]","2026 Q2, BSI, PAM, SOX",100046297,"Borges, Dayam",,False,No,No,MIAVARONIS,Account Removed,Entitlement Owner,Entitlement,MIAVARONIS HAS PRIVILEGED ACCESS TO SOX APPLICATIONS VIA THE MIA.USA.SINVEST ENTERPRISE WIDE DOMAIN GROUP DOMAIN ADMINS,,"Borges, Dayam",dborges@bpi-gruposantander.com,A,"Oliveros, Jose Manuel","Borges, Dayam","7/27/26, 12:45 PM","7/27/26, 12:45 PM",,,,100046297
Approved,,SOX BSI - Non Person,Entitlement Owner Access Review for SOX BSI - Non Person,"2026 Q2 PAM BSI SOX Entitlement Owner Certification[7/23/26, 10:25:07 AM EDT]","2026 Q2, BSI, PAM, SOX",100046297,"Borges, Dayam",,False,No,No,MIAVARONIS,Account Removed,Entitlement Owner,Entitlement,MIAVARONIS HAS PRIVILEGED ACCESS TO SOX APPLICATIONS VIA THE MIA.USA.SINVEST ENTERPRISE WIDE DOMAIN GROUP ADMINISTRATORS,,"Borges, Dayam",dborges@bpi-gruposantander.com,A,"Oliveros, Jose Manuel","Borges, Dayam","7/27/26, 12:45 PM","7/27/26, 12:45 PM",,,,100046297
Approved,,SOX BSI - Non Person,Entitlement Owner Access Review for SOX BSI - Non Person,"2026 Q2 PAM BSI SOX Entitlement Owner Certification[7/23/26, 10:25:07 AM EDT]","2026 Q2, BSI, PAM, SOX",100046297,"Borges, Dayam",,False,No,No,MIAVARONIS,Account Removed,Entitlement Owner,Entitlement,MIAVARONIS HAS PRIVILEGED ACCESS TO SOX APPLICATIONS VIA THE MIA.USA.SINVEST ENTERPRISE WIDE DOMAIN GROUP ACCOUNT OPERATORS,,"Borges, Dayam",dborges@bpi-gruposantander.com,A,"Oliveros, Jose Manuel","Borges, Dayam","7/27/26, 12:45 PM","7/27/26, 12:45 PM",,,,100046297
Approved,,SOX BSI - Non Person,Entitlement Owner Access Review for SOX BSI - Non Person,"2026 Q2 PAM BSI SOX Entitlement Owner Certification[7/23/26, 10:25:07 AM EDT]","2026 Q2, BSI, PAM, SOX",100046297,"Borges, Dayam",,False,No,No,MIAVARONIS,Account Removed,Entitlement Owner,Entitlement,MIAVARONIS HAS PRIVILEGED ACCESS TO SOX APPLICATIONS VIA THE MIA.USA.SINVEST ENTERPRISE WIDE DOMAIN GROUP BACKUP OPERATORS,,"Borges, Dayam",dborges@bpi-gruposantander.com,A,"Oliveros, Jose Manuel","Borges, Dayam","7/27/26, 12:45 PM","7/27/26, 12:45 PM",,,,100046297
Approved,,SOX BSI - Non Person,Entitlement Owner Access Review for SOX BSI - Non Person,"2026 Q2 PAM BSI SOX Entitlement Owner Certification[7/23/26, 10:25:07 AM EDT]","2026 Q2, BSI, PAM, SOX",100046297,"Borges, Dayam",,False,No,No,MIAVARONIS,Account Removed,Entitlement Owner,Entitlement,MIAVARONIS HAS PRIVILEGED ACCESS TO SOX APPLICATIONS VIA THE MIA.USA.SINVEST ENTERPRISE WIDE DOMAIN GROUP WKSTADMIN,,"Borges, Dayam",dborges@bpi-gruposantander.com,A,"Oliveros, Jose Manuel","Borges, Dayam","7/27/26, 12:45 PM","7/27/26, 12:45 PM",,,,100046297
Approved,,SOX BSI - Non Person,Entitlement Owner Access Review for SOX BSI - Non Person,"2026 Q2 PAM BSI SOX Entitlement Owner Certification[7/23/26, 10:25:07 AM EDT]","2026 Q2, BSI, PAM, SOX",100046297,"Borges, Dayam",,False,No,No,SYNC,Account Removed,Entitlement Owner,Entitlement,SYNC HAS PRIVILEGED ACCESS TO SOX APPLICATION ECO/EBANKING ON SERVER ENDOR WITH PERMISSIONS GID 0.,,"Borges, Dayam",dborges@bpi-gruposantander.com,A,"Oliveros, Jose Manuel","Borges, Dayam","7/27/26, 12:45 PM","7/27/26, 12:45 PM",,,,100046297
Approved,,SOX BSI - Non Person,Entitlement Owner Access Review for SOX BSI - Non Person,"2026 Q2 PAM BSI SOX Entitlement Owner Certification[7/23/26, 10:25:07 AM EDT]","2026 Q2, BSI, PAM, SOX",100046297,"Borges, Dayam",,False,No,No,SYNC,Account Removed,Entitlement Owner,Entitlement,SYNC HAS PRIVILEGED ACCESS TO SOX APPLICATION ECO/EBANKING ON SERVER MIA-DC-PHOEBE WITH PERMISSIONS GID 0.,,"Borges, Dayam",dborges@bpi-gruposantander.com,A,"Oliveros, Jose Manuel","Borges, Dayam","7/27/26, 12:45 PM","7/27/26, 12:45 PM",,,,100046297
Approved,,SOX BSI - Non Person,Entitlement Owner Access Review for SOX BSI - Non Person,"2026 Q2 PAM BSI SOX Entitlement Owner Certification[7/23/26, 10:25:07 AM EDT]","2026 Q2, BSI, PAM, SOX",100046297,"Borges, Dayam",,False,No,No,SYNC,Account Removed,Entitlement Owner,Entitlement,SYNC HAS PRIVILEGED ACCESS TO SOX APPLICATION ECO/EBANKING ON SERVER MIAECODIR WITH PERMISSIONS GID 0.,,"Borges, Dayam",dborges@bpi-gruposantander.com,A,"Oliveros, Jose Manuel","Borges, Dayam","7/27/26, 12:45 PM","7/27/26, 12:45 PM",,,,100046297
Approved,,SOX BSI - Non Person,Entitlement Owner Access Review for SOX BSI - Non Person,"2026 Q2 PAM BSI SOX Entitlement Owner Certification[7/23/26, 10:25:07 AM EDT]","2026 Q2, BSI, PAM, SOX",100046297,"Borges, Dayam",,False,No,No,SHUTDOWN,Account Removed,Entitlement Owner,Entitlement,SHUTDOWN HAS PRIVILEGED ACCESS TO SOX APPLICATION ECO/EBANKING ON SERVER MIAECOWAS WITH PERMISSIONS GID 0.,,"Borges, Dayam",dborges@bpi-gruposantander.com,A,"Oliveros, Jose Manuel","Borges, Dayam","7/27/26, 12:45 PM","7/27/26, 12:45 PM",,,,100046297
Approved,,SOX BSI - Non Person,Entitlement Owner Access Review for SOX BSI - Non Person,"2026 Q2 PAM BSI SOX Entitlement Owner Certification[7/23/26, 10:25:07 AM EDT]","2026 Q2, BSI, PAM, SOX",100046297,"Borges, Dayam",,False,No,No,SHUTDOWN,Account Removed,Entitlement Owner,Entitlement,SHUTDOWN HAS PRIVILEGED ACCESS TO SOX APPLICATION ECO/EBANKING ON SERVER MIAECOWEB WITH PERMISSIONS GID 0.,,"Borges, Dayam",dborges@bpi-gruposantander.com,A,"Oliveros, Jose Manuel","Borges, Dayam","7/27/26, 12:45 PM","7/27/26, 12:45 PM",,,,100046297
Approved,,SOX BSI - Non Person,Entitlement Owner Access Review for SOX BSI - Non Person,"2026 Q2 PAM BSI SOX Entitlement Owner Certification[7/23/26, 10:25:07 AM EDT]","2026 Q2, BSI, PAM, SOX",100046297,"Borges, Dayam",,False,No,No,APPIAN,Account Removed,Entitlement Owner,Entitlement,APPIAN has privileged (Schema Owner) access to ECO/eBanking Server:MIA-DC-PHOEBE Instance:PHOECDB DB:PHOECDB through role SCHEMA OWNER.,,"Borges, Dayam",dborges@bpi-gruposantander.com,A,"Oliveros, Jose Manuel","Borges, Dayam","7/27/26, 12:45 PM","7/27/26, 12:45 PM",,,,100046297
Approved,,SOX BSI - Non Person,Entitlement Owner Access Review for SOX BSI - Non Person,"2026 Q2 PAM BSI SOX Entitlement Owner Certification[7/23/26, 10:25:07 AM EDT]","2026 Q2, BSI, PAM, SOX",100046297,"Borges, Dayam",,False,No,No,SYNC,Account Removed,Entitlement Owner,Entitlement,SYNC HAS PRIVILEGED ACCESS TO SOX APPLICATION ECO/EBANKING ON SERVER MIAECOFS WITH PERMISSIONS GID 0.,,"Borges, Dayam",dborges@bpi-gruposantander.com,A,"Oliveros, Jose Manuel","Borges, Dayam","7/27/26, 12:45 PM","7/27/26, 12:45 PM",,,,100046297
Approved,,SOX BSI - Non Person,Entitlement Owner Access Review for SOX BSI - Non Person,"2026 Q2 PAM BSI SOX Entitlement Owner Certification[7/23/26, 10:25:07 AM EDT]","2026 Q2, BSI, PAM, SOX",100046297,"Borges, Dayam",,False,No,No,SYNC,Account Removed,Entitlement Owner,Entitlement,SYNC HAS PRIVILEGED ACCESS TO SOX APPLICATION ECO/EBANKING ON SERVER MIAECOWAS WITH PERMISSIONS GID 0.,,"Borges, Dayam",dborges@bpi-gruposantander.com,A,"Oliveros, Jose Manuel","Borges, Dayam","7/27/26, 12:45 PM","7/27/26, 12:45 PM",,,,100046297
Approved,,SOX BSI - Non Person,Entitlement Owner Access Review for SOX BSI - Non Person,"2026 Q2 PAM BSI SOX Entitlement Owner Certification[7/23/26, 10:25:07 AM EDT]","2026 Q2, BSI, PAM, SOX",100046297,"Borges, Dayam",,False,No,No,SYNC,Account Removed,Entitlement Owner,Entitlement,SYNC HAS PRIVILEGED ACCESS TO SOX APPLICATION ECO/EBANKING ON SERVER MIAECOWEB WITH PERMISSIONS GID 0.,,"Borges, Dayam",dborges@bpi-gruposantander.com,A,"Oliveros, Jose Manuel","Borges, Dayam","7/27/26, 12:45 PM","7/27/26, 12:45 PM",,,,100046297
Approved,,SOX BSI - Non Person,Entitlement Owner Access Review for SOX BSI - Non Person,"2026 Q2 PAM BSI SOX Entitlement Owner Certification[7/23/26, 10:25:07 AM EDT]","2026 Q2, BSI, PAM, SOX",100046297,"Borges, Dayam",,False,No,No,ROOT,Account Removed,Entitlement Owner,Entitlement,ROOT HAS PRIVILEGED ACCESS TO SOX APPLICATION ECO/EBANKING ON SERVER MIAECOWAS WITH PERMISSIONS ALL=(ALL) ALL.,,"Borges, Dayam",dborges@bpi-gruposantander.com,A,"Oliveros, Jose Manuel","Borges, Dayam","7/27/26, 12:45 PM","7/27/26, 12:45 PM",,,,100046297
Approved,,SOX BSI - Non Person,Entitlement Owner Access Review for SOX BSI - Non Person,"2026 Q2 PAM BSI SOX Entitlement Owner Certification[7/23/26, 10:25:07 AM EDT]","2026 Q2, BSI, PAM, SOX",100046297,"Borges, Dayam",,False,No,No,ROOT,Account Removed,Entitlement Owner,Entitlement,ROOT HAS PRIVILEGED ACCESS TO SOX APPLICATION T24 ON SERVER MIASX1 WITH PERMISSIONS ALL=(ALL) ALL.,,"Borges, Dayam",dborges@bpi-gruposantander.com,A,"Oliveros, Jose Manuel","Borges, Dayam","7/27/26, 12:45 PM","7/27/26, 12:45 PM",,,,100046297
Approved,,SOX BSI - Non Person,Entitlement Owner Access Review for SOX BSI - Non Person,"2026 Q2 PAM BSI SOX Entitlement Owner Certification[7/23/26, 10:25:07 AM EDT]","2026 Q2, BSI, PAM, SOX",100046297,"Borges, Dayam",,False,No,No,ROOT,Account Removed,Entitlement Owner,Entitlement,ROOT HAS PRIVILEGED ACCESS TO SOX APPLICATION T24 ON SERVER MIASXPRD-MGT WITH PERMISSIONS ALL=(ALL) ALL.,,"Borges, Dayam",dborges@bpi-gruposantander.com,A,"Oliveros, Jose Manuel","Borges, Dayam","7/27/26, 12:45 PM","7/27/26, 12:45 PM",,,,100046297
Approved,,SOX BSI - Non Person,Entitlement Owner Access Review for SOX BSI - Non Person,"2026 Q2 PAM BSI SOX Entitlement Owner Certification[7/23/26, 10:25:07 AM EDT]","2026 Q2, BSI, PAM, SOX",100046297,"Borges, Dayam",,False,No,No,ROOT,Account Removed,Entitlement Owner,Entitlement,ROOT HAS PRIVILEGED ACCESS TO SOX APPLICATION ECO/EBANKING ON SERVER ENDOR WITH PERMISSIONS UID 0.,,"Borges, Dayam",dborges@bpi-gruposantander.com,A,"Oliveros, Jose Manuel","Borges, Dayam","7/27/26, 12:45 PM","7/27/26, 12:45 PM",,,,100046297
Approved,,SOX BSI - Non Person,Entitlement Owner Access Review for SOX BSI - Non Person,"2026 Q2 PAM BSI SOX Entitlement Owner Certification[7/23/26, 10:25:07 AM EDT]","2026 Q2, BSI, PAM, SOX",100046297,"Borges, Dayam",,False,No,No,ROOT,Account Removed,Entitlement Owner,Entitlement,ROOT HAS PRIVILEGED ACCESS TO SOX APPLICATION ECO/EBANKING ON SERVER MIA-DC-PHOEBE WITH PERMISSIONS UID 0.,,"Borges, Dayam",dborges@bpi-gruposantander.com,A,"Oliveros, Jose Manuel","Borges, Dayam","7/27/26, 12:45 PM","7/27/26, 12:45 PM",,,,100046297
Approved,,SOX BSI - Non Person,Entitlement Owner Access Review for SOX BSI - Non Person,"2026 Q2 PAM BSI SOX Entitlement Owner Certification[7/23/26, 10:25:07 AM EDT]","2026 Q2, BSI, PAM, SOX",100046297,"Borges, Dayam",,False,No,No,ROOT,Account Removed,Entitlement Owner,Entitlement,ROOT HAS PRIVILEGED ACCESS TO SOX APPLICATION ECO/EBANKING ON SERVER MIAECODIR WITH PERMISSIONS UID 0.,,"Borges, Dayam",dborges@bpi-gruposantander.com,A,"Oliveros, Jose Manuel","Borges, Dayam","7/27/26, 12:45 PM","7/27/26, 12:45 PM",,,,100046297
Approved,,SOX BSI - Non Person,Entitlement Owner Access Review for SOX BSI - Non Person,"2026 Q2 PAM BSI SOX Entitlement Owner Certification[7/23/26, 10:25:07 AM EDT]","2026 Q2, BSI, PAM, SOX",100046297,"Borges, Dayam",,False,No,No,ROOT,Account Removed,Entitlement Owner,Entitlement,ROOT HAS PRIVILEGED ACCESS TO SOX APPLICATION ECO/EBANKING ON SERVER MIAECOFS WITH PERMISSIONS UID 0.,,"Borges, Dayam",dborges@bpi-gruposantander.com,A,"Oliveros, Jose Manuel","Borges, Dayam","7/27/26, 12:45 PM","7/27/26, 12:45 PM",,,,100046297
Approved,,SOX BSI - Non Person,Entitlement Owner Access Review for SOX BSI - Non Person,"2026 Q2 PAM BSI SOX Entitlement Owner Certification[7/23/26, 10:25:07 AM EDT]","2026 Q2, BSI, PAM, SOX",100046297,"Borges, Dayam",,False,No,No,ROOT,Account Removed,Entitlement Owner,Entitlement,ROOT HAS PRIVILEGED ACCESS TO SOX APPLICATION ECO/EBANKING ON SERVER MIAECOWAS WITH PERMISSIONS UID 0.,,"Borges, Dayam",dborges@bpi-gruposantander.com,A,"Oliveros, Jose Manuel","Borges, Dayam","7/27/26, 12:45 PM","7/27/26, 12:45 PM",,,,100046297
Approved,,SOX BSI - Non Person,Entitlement Owner Access Review for SOX BSI - Non Person,"2026 Q2 PAM BSI SOX Entitlement Owner Certification[7/23/26, 10:25:07 AM EDT]","2026 Q2, BSI, PAM, SOX",100046297,"Borges, Dayam",,False,No,No,ROOT,Account Removed,Entitlement Owner,Entitlement,ROOT HAS PRIVILEGED ACCESS TO SOX APPLICATION ECO/EBANKING ON SERVER MIAECOWEB WITH PERMISSIONS UID 0.,,"Borges, Dayam",dborges@bpi-gruposantander.com,A,"Oliveros, Jose Manuel","Borges, Dayam","7/27/26, 12:45 PM","7/27/26, 12:45 PM",,,,100046297
Approved,,SOX BSI - Non Person,Entitlement Owner Access Review for SOX BSI - Non Person,"2026 Q2 PAM BSI SOX Entitlement Owner Certification[7/23/26, 10:25:07 AM EDT]","2026 Q2, BSI, PAM, SOX",100046297,"Borges, Dayam",,False,No,No,ROOT,Account Removed,Entitlement Owner,Entitlement,ROOT HAS PRIVILEGED ACCESS TO SOX APPLICATION T24 ON SERVER MIASX1 WITH PERMISSIONS UID 0.,,"Borges, Dayam",dborges@bpi-gruposantander.com,A,"Oliveros, Jose Manuel","Borges, Dayam","7/27/26, 12:45 PM","7/27/26, 12:45 PM",,,,100046297
Approved,,SOX BSI - Non Person,Entitlement Owner Access Review for SOX BSI - Non Person,"2026 Q2 PAM BSI SOX Entitlement Owner Certification[7/23/26, 10:25:07 AM EDT]","2026 Q2, BSI, PAM, SOX",100046297,"Borges, Dayam",,False,No,No,ROOT,Account Removed,Entitlement Owner,Entitlement,ROOT HAS PRIVILEGED ACCESS TO SOX APPLICATION T24 ON SERVER MIASXPRD-MGT WITH PERMISSIONS UID 0.,,"Borges, Dayam",dborges@bpi-gruposantander.com,A,"Oliveros, Jose Manuel","Borges, Dayam","7/27/26, 12:45 PM","7/27/26, 12:45 PM",,,,100046297
Approved,,SOX BSI - Non Person,Entitlement Owner Access Review for SOX BSI - Non Person,"2026 Q2 PAM BSI SOX Entitlement Owner Certification[7/23/26, 10:25:07 AM EDT]","2026 Q2, BSI, PAM, SOX",100046297,"Borges, Dayam",,False,No,No,ROOT,Account Removed,Entitlement Owner,Entitlement,ROOT HAS PRIVILEGED ACCESS TO SOX APPLICATION ECO/EBANKING ON SERVER ENDOR WITH PERMISSIONS GID 0.,,"Borges, Dayam",dborges@bpi-gruposantander.com,A,"Oliveros, Jose Manuel","Borges, Dayam","7/27/26, 12:45 PM","7/27/26, 12:45 PM",,,,100046297
Approved,,SOX BSI - Non Person,Entitlement Owner Access Review for SOX BSI - Non Person,"2026 Q2 PAM BSI SOX Entitlement Owner Certification[7/23/26, 10:25:07 AM EDT]","2026 Q2, BSI, PAM, SOX",100046297,"Borges, Dayam",,False,No,No,ROOT,Account Removed,Entitlement Owner,Entitlement,ROOT HAS PRIVILEGED ACCESS TO SOX APPLICATION ECO/EBANKING ON SERVER MIA-DC-PHOEBE WITH PERMISSIONS GID 0.,,"Borges, Dayam",dborges@bpi-gruposantander.com,A,"Oliveros, Jose Manuel","Borges, Dayam","7/27/26, 12:45 PM","7/27/26, 12:45 PM",,,,100046297
Approved,,SOX BSI - Non Person,Entitlement Owner Access Review for SOX BSI - Non Person,"2026 Q2 PAM BSI SOX Entitlement Owner Certification[7/23/26, 10:25:07 AM EDT]","2026 Q2, BSI, PAM, SOX",100046297,"Borges, Dayam",,False,No,No,ROOT,Account Removed,Entitlement Owner,Entitlement,ROOT HAS PRIVILEGED ACCESS TO SOX APPLICATION ECO/EBANKING ON SERVER MIAECODIR WITH PERMISSIONS GID 0.,,"Borges, Dayam",dborges@bpi-gruposantander.com,A,"Oliveros, Jose Manuel","Borges, Dayam","7/27/26, 12:45 PM","7/27/26, 12:45 PM",,,,100046297
Approved,,SOX BSI - Non Person,Entitlement Owner Access Review for SOX BSI - Non Person,"2026 Q2 PAM BSI SOX Entitlement Owner Certification[7/23/26, 10:25:07 AM EDT]","2026 Q2, BSI, PAM, SOX",100046297,"Borges, Dayam",,False,No,No,ROOT,Account Removed,Entitlement Owner,Entitlement,ROOT HAS PRIVILEGED ACCESS TO SOX APPLICATION ECO/EBANKING ON SERVER MIAECOFS WITH PERMISSIONS GID 0.,,"Borges, Dayam",dborges@bpi-gruposantander.com,A,"Oliveros, Jose Manuel","Borges, Dayam","7/27/26, 12:45 PM","7/27/26, 12:45 PM",,,,100046297
Approved,,SOX BSI - Non Person,Entitlement Owner Access Review for SOX BSI - Non Person,"2026 Q2 PAM BSI SOX Entitlement Owner Certification[7/23/26, 10:25:07 AM EDT]","2026 Q2, BSI, PAM, SOX",100046297,"Borges, Dayam",,False,No,No,ROOT,Account Removed,Entitlement Owner,Entitlement,ROOT HAS PRIVILEGED ACCESS TO SOX APPLICATION ECO/EBANKING ON SERVER MIAECOWAS WITH PERMISSIONS GID 0.,,"Borges, Dayam",dborges@bpi-gruposantander.com,A,"Oliveros, Jose Manuel","Borges, Dayam","7/27/26, 12:45 PM","7/27/26, 12:45 PM",,,,100046297
Approved,,SOX BSI - Non Person,Entitlement Owner Access Review for SOX BSI - Non Person,"2026 Q2 PAM BSI SOX Entitlement Owner Certification[7/23/26, 10:25:07 AM EDT]","2026 Q2, BSI, PAM, SOX",100046297,"Borges, Dayam",,False,No,No,ROOT,Account Removed,Entitlement Owner,Entitlement,ROOT HAS PRIVILEGED ACCESS TO SOX APPLICATION ECO/EBANKING ON SERVER MIAECOWEB WITH PERMISSIONS GID 0.,,"Borges, Dayam",dborges@bpi-gruposantander.com,A,"Oliveros, Jose Manuel","Borges, Dayam","7/27/26, 12:45 PM","7/27/26, 12:45 PM",,,,100046297
Approved,,SOX BSI - Non Person,Entitlement Owner Access Review for SOX BSI - Non Person,"2026 Q2 PAM BSI SOX Entitlement Owner Certification[7/23/26, 10:25:07 AM EDT]","2026 Q2, BSI, PAM, SOX",100046297,"Borges, Dayam",,False,No,No,ROOT,Account Removed,Entitlement Owner,Entitlement,ROOT HAS PRIVILEGED ACCESS TO SOX APPLICATION T24 ON SERVER MIASX1 WITH PERMISSIONS GID 0.,,"Borges, Dayam",dborges@bpi-gruposantander.com,A,"Oliveros, Jose Manuel","Borges, Dayam","7/27/26, 12:45 PM","7/27/26, 12:45 PM",,,,100046297
Approved,,SOX BSI - Non Person,Entitlement Owner Access Review for SOX BSI - Non Person,"2026 Q2 PAM BSI SOX Entitlement Owner Certification[7/23/26, 10:25:07 AM EDT]","2026 Q2, BSI, PAM, SOX",100046297,"Borges, Dayam",,False,No,No,ROOT,Account Removed,Entitlement Owner,Entitlement,ROOT HAS PRIVILEGED ACCESS TO SOX APPLICATION T24 ON SERVER MIASXPRD-MGT WITH PERMISSIONS GID 0.,,"Borges, Dayam",dborges@bpi-gruposantander.com,A,"Oliveros, Jose Manuel","Borges, Dayam","7/27/26, 12:45 PM","7/27/26, 12:45 PM",,,,100046297
Approved,,SOX BSI - Non Person,Entitlement Owner Access Review for SOX BSI - Non Person,"2026 Q2 PAM BSI SOX Entitlement Owner Certification[7/23/26, 10:25:07 AM EDT]","2026 Q2, BSI, PAM, SOX",100046297,"Borges, Dayam",,False,No,No,PWS_L_ROOT,Account Removed,Entitlement Owner,Entitlement,PWS_L_ROOT HAS PRIVILEGED ACCESS TO SOX APPLICATION T24 ON SERVER MIASX1 WITH PERMISSIONS GID 0.,,"Borges, Dayam",dborges@bpi-gruposantander.com,A,"Oliveros, Jose Manuel","Borges, Dayam","7/27/26, 12:45 PM","7/27/26, 12:45 PM",,,,100046297
Approved,,SOX BSI - Non Person,Entitlement Owner Access Review for SOX BSI - Non Person,"2026 Q2 PAM BSI SOX Entitlement Owner Certification[7/23/26, 10:25:07 AM EDT]","2026 Q2, BSI, PAM, SOX",100046297,"Borges, Dayam",,False,No,No,SHUTDOWN,Account Removed,Entitlement Owner,Entitlement,SHUTDOWN HAS PRIVILEGED ACCESS TO SOX APPLICATION ECO/EBANKING ON SERVER ENDOR WITH PERMISSIONS GID 0.,,"Borges, Dayam",dborges@bpi-gruposantander.com,A,"Oliveros, Jose Manuel","Borges, Dayam","7/27/26, 12:45 PM","7/27/26, 12:45 PM",,,,100046297
Approved,,SOX BSI - Non Person,Entitlement Owner Access Review for SOX BSI - Non Person,"2026 Q2 PAM BSI SOX Entitlement Owner Certification[7/23/26, 10:25:07 AM EDT]","2026 Q2, BSI, PAM, SOX",100046297,"Borges, Dayam",,False,No,No,SHUTDOWN,Account Removed,Entitlement Owner,Entitlement,SHUTDOWN HAS PRIVILEGED ACCESS TO SOX APPLICATION ECO/EBANKING ON SERVER MIA-DC-PHOEBE WITH PERMISSIONS GID 0.,,"Borges, Dayam",dborges@bpi-gruposantander.com,A,"Oliveros, Jose Manuel","Borges, Dayam","7/27/26, 12:45 PM","7/27/26, 12:45 PM",,,,100046297
Approved,,SOX BSI - Non Person,Entitlement Owner Access Review for SOX BSI - Non Person,"2026 Q2 PAM BSI SOX Entitlement Owner Certification[7/23/26, 10:25:07 AM EDT]","2026 Q2, BSI, PAM, SOX",100046297,"Borges, Dayam",,False,No,No,SHUTDOWN,Account Removed,Entitlement Owner,Entitlement,SHUTDOWN HAS PRIVILEGED ACCESS TO SOX APPLICATION ECO/EBANKING ON SERVER MIAECODIR WITH PERMISSIONS GID 0.,,"Borges, Dayam",dborges@bpi-gruposantander.com,A,"Oliveros, Jose Manuel","Borges, Dayam","7/27/26, 12:45 PM","7/27/26, 12:45 PM",,,,100046297
Approved,,SOX BSI - Non Person,Entitlement Owner Access Review for SOX BSI - Non Person,"2026 Q2 PAM BSI SOX Entitlement Owner Certification[7/23/26, 10:25:07 AM EDT]","2026 Q2, BSI, PAM, SOX",100046297,"Borges, Dayam",,False,No,No,SHUTDOWN,Account Removed,Entitlement Owner,Entitlement,SHUTDOWN HAS PRIVILEGED ACCESS TO SOX APPLICATION ECO/EBANKING ON SERVER MIAECOFS WITH PERMISSIONS GID 0.,,"Borges, Dayam",dborges@bpi-gruposantander.com,A,"Oliveros, Jose Manuel","Borges, Dayam","7/27/26, 12:45 PM","7/27/26, 12:45 PM",,,,100046297
Approved,,SOX BSI - Non Person,Entitlement Owner Access Review for SOX BSI - Non Person,"2026 Q2 PAM BSI SOX Entitlement Owner Certification[7/23/26, 10:25:07 AM EDT]","2026 Q2, BSI, PAM, SOX",100046302,"Rojo, Ian I",,False,No,No,SQLTXADMIN,Account Removed,Entitlement Owner,Entitlement,SQLTXADMIN has privileged (DB Role) access to ECO/eBanking Server:MIA-DC-PHOEBE Instance:PHOECDB DB:PHOECDB through role SELECT_CATALOG_ROLE.,,"Rojo, Ian I",irojo@bpi-gruposantander.com,A,"Oliveros, Jose Manuel","Rojo, Ian I","7/28/26, 9:29 AM","7/28/26, 9:29 AM",,,,100046302
Approved,,SOX BSI - Non Person,Entitlement Owner Access Review for SOX BSI - Non Person,"2026 Q2 PAM BSI SOX Entitlement Owner Certification[7/23/26, 10:25:07 AM EDT]","2026 Q2, BSI, PAM, SOX",100046302,"Rojo, Ian I",,False,No,No,SQLTXADMIN,Account Removed,Entitlement Owner,Entitlement,SQLTXADMIN has privileged (DB Permission) access to ECO/eBanking Server:MIA-DC-PHOEBE Instance:PHOECDB DB:PHOECDB.,,"Rojo, Ian I",irojo@bpi-gruposantander.com,A,"Oliveros, Jose Manuel","Rojo, Ian I","7/28/26, 9:29 AM","7/28/26, 9:29 AM",,,,100046302
Approved,,SOX BSI - Non Person,Entitlement Owner Access Review for SOX BSI - Non Person,"2026 Q2 PAM BSI SOX Entitlement Owner Certification[7/23/26, 10:25:07 AM EDT]","2026 Q2, BSI, PAM, SOX",100046302,"Rojo, Ian I",,False,No,No,MIATKIT,Account Removed,Entitlement Owner,Entitlement,MIATKIT HAS PRIVILEGED ACCESS TO SOX APPLICATIONS VIA THE MIA.USA.SINVEST ENTERPRISE WIDE DOMAIN GROUP WKSTADMIN,,"Rojo, Ian I",irojo@bpi-gruposantander.com,A,"Oliveros, Jose Manuel","Rojo, Ian I","7/28/26, 9:29 AM","7/28/26, 9:29 AM",,,,100046302
Approved,,SOX BSI - Non Person,Entitlement Owner Access Review for SOX BSI - Non Person,"2026 Q2 PAM BSI SOX Entitlement Owner Certification[7/23/26, 10:25:07 AM EDT]","2026 Q2, BSI, PAM, SOX",100046302,"Rojo, Ian I",,False,No,No,SYS$UMF,Account Removed,Entitlement Owner,Entitlement,SYS$UMF has privileged (DB Permission) access to ECO/eBanking Server:MIA-DC-PHOEBE Instance:PHOECDB DB:PHOECDB through role SYSUMF_ROLE.,,"Rojo, Ian I",irojo@bpi-gruposantander.com,A,"Oliveros, Jose Manuel","Rojo, Ian I","7/28/26, 9:29 AM","7/28/26, 9:29 AM",,,,100046302
Approved,,SOX BSI - Non Person,Entitlement Owner Access Review for SOX BSI - Non Person,"2026 Q2 PAM BSI SOX Entitlement Owner Certification[7/23/26, 10:25:07 AM EDT]","2026 Q2, BSI, PAM, SOX",100046302,"Rojo, Ian I",,False,No,No,SYS$UMF,Account Removed,Entitlement Owner,Entitlement,SYS$UMF has privileged (DB Permission) access to ECO/eBanking Server:MIA-DC-PHOEBE Instance:PHOECDB DB:PHOECDB.,,"Rojo, Ian I",irojo@bpi-gruposantander.com,A,"Oliveros, Jose Manuel","Rojo, Ian I","7/28/26, 9:29 AM","7/28/26, 9:29 AM",,,,100046302
Approved,,SOX BSI - Non Person,Entitlement Owner Access Review for SOX BSI - Non Person,"2026 Q2 PAM BSI SOX Entitlement Owner Certification[7/23/26, 10:25:07 AM EDT]","2026 Q2, BSI, PAM, SOX",100046302,"Rojo, Ian I",,False,No,No,BSI_US-MIAITBACKUP,Account Removed,Entitlement Owner,Entitlement,BSI_US-MIAITBACKUP HAS PRIVILEGED ACCES TO SOX APPLICATION RECONXPERT WITHIN LOCAL GROUP ADMINISTRATORS ON SERVER:MIA-DC-APP02.,,"Rojo, Ian I",irojo@bpi-gruposantander.com,A,"Oliveros, Jose Manuel","Rojo, Ian I","7/28/26, 6:36 AM","7/28/26, 9:29 AM",,,,100046302
Approved,,SOX BSI - Non Person,Entitlement Owner Access Review for SOX BSI - Non Person,"2026 Q2 PAM BSI SOX Entitlement Owner Certification[7/23/26, 10:25:07 AM EDT]","2026 Q2, BSI, PAM, SOX",100046302,"Rojo, Ian I",,False,No,No,OLAPSYS,Account Removed,Entitlement Owner,Entitlement,OLAPSYS has privileged (DB Permission) access to ECO/eBanking Server:MIA-DC-PHOEBE Instance:PHOECDB DB:PHOECDB through role OLAP_DBA.,,"Rojo, Ian I",irojo@bpi-gruposantander.com,A,"Oliveros, Jose Manuel","Rojo, Ian I","7/28/26, 9:29 AM","7/28/26, 9:29 AM",,,,100046302
Approved,,SOX BSI - Non Person,Entitlement Owner Access Review for SOX BSI - Non Person,"2026 Q2 PAM BSI SOX Entitlement Owner Certification[7/23/26, 10:25:07 AM EDT]","2026 Q2, BSI, PAM, SOX",100046302,"Rojo, Ian I",,False,No,No,OLAPSYS,Account Removed,Entitlement Owner,Entitlement,OLAPSYS has privileged (Schema Owner) access to ECO/eBanking Server:MIA-DC-PHOEBE Instance:PHOECDB DB:PHOECDB through role SCHEMA OWNER.,,"Rojo, Ian I",irojo@bpi-gruposantander.com,A,"Oliveros, Jose Manuel","Rojo, Ian I","7/28/26, 9:29 AM","7/28/26, 9:29 AM",,,,100046302
Approved,,SOX BSI - Non Person,Entitlement Owner Access Review for SOX BSI - Non Person,"2026 Q2 PAM BSI SOX Entitlement Owner Certification[7/23/26, 10:25:07 AM EDT]","2026 Q2, BSI, PAM, SOX",100046302,"Rojo, Ian I",,False,No,No,ODS,Account Removed,Entitlement Owner,Entitlement,ODS has privileged (DB Role) access to ECO/eBanking Server:MIA-DC-PHOEBE Instance:PHOECDB DB:PHOECDB through role RESOURCE.,,"Rojo, Ian I",irojo@bpi-gruposantander.com,A,"Oliveros, Jose Manuel","Rojo, Ian I","7/28/26, 9:29 AM","7/28/26, 9:29 AM",,,,100046302
Approved,,SOX BSI - Non Person,Entitlement Owner Access Review for SOX BSI - Non Person,"2026 Q2 PAM BSI SOX Entitlement Owner Certification[7/23/26, 10:25:07 AM EDT]","2026 Q2, BSI, PAM, SOX",100046302,"Rojo, Ian I",,False,No,No,ODS,Account Removed,Entitlement Owner,Entitlement,ODS has privileged (Schema Owner) access to ECO/eBanking Server:MIA-DC-PHOEBE Instance:PHOECDB DB:PHOECDB through role SCHEMA OWNER.,,"Rojo, Ian I",irojo@bpi-gruposantander.com,A,"Oliveros, Jose Manuel","Rojo, Ian I","7/28/26, 9:29 AM","7/28/26, 9:29 AM",,,,100046302
Approved,,SOX BSI - Non Person,Entitlement Owner Access Review for SOX BSI - Non Person,"2026 Q2 PAM BSI SOX Entitlement Owner Certification[7/23/26, 10:25:07 AM EDT]","2026 Q2, BSI, PAM, SOX",100046302,"Rojo, Ian I",,False,No,No,ODS,Account Removed,Entitlement Owner,Entitlement,ODS has privileged (DB Role) access to ECO/eBanking Server:MIA-DC-PHOEBE Instance:PHOECDB DB:PHOECDB through role SELECT_CATALOG_ROLE.,,"Rojo, Ian I",irojo@bpi-gruposantander.com,A,"Oliveros, Jose Manuel","Rojo, Ian I","7/28/26, 9:29 AM","7/28/26, 9:29 AM",,,,100046302
Approved,,SOX BSI - Non Person,Entitlement Owner Access Review for SOX BSI - Non Person,"2026 Q2 PAM BSI SOX Entitlement Owner Certification[7/23/26, 10:25:07 AM EDT]","2026 Q2, BSI, PAM, SOX",100046302,"Rojo, Ian I",,False,No,No,RSACM,Account Removed,Entitlement Owner,Entitlement,RSACM has privileged (DB Role) access to ECO/eBanking Server:MIA-DC-PHOEBE Instance:PHOECDB DB:PHOECDB through role RESOURCE.,,"Rojo, Ian I",irojo@bpi-gruposantander.com,A,"Oliveros, Jose Manuel","Rojo, Ian I","7/28/26, 9:29 AM","7/28/26, 9:29 AM",,,,100046302
Approved,,SOX BSI - Non Person,Entitlement Owner Access Review for SOX BSI - Non Person,"2026 Q2 PAM BSI SOX Entitlement Owner Certification[7/23/26, 10:25:07 AM EDT]","2026 Q2, BSI, PAM, SOX",100046302,"Rojo, Ian I",,False,No,No,RSACM,Account Removed,Entitlement Owner,Entitlement,RSACM has privileged (Schema Owner) access to ECO/eBanking Server:MIA-DC-PHOEBE Instance:PHOECDB DB:PHOECDB through role SCHEMA OWNER.,,"Rojo, Ian I",irojo@bpi-gruposantander.com,A,"Oliveros, Jose Manuel","Rojo, Ian I","7/28/26, 9:29 AM","7/28/26, 9:29 AM",,,,100046302
Approved,,SOX BSI - Non Person,Entitlement Owner Access Review for SOX BSI - Non Person,"2026 Q2 PAM BSI SOX Entitlement Owner Certification[7/23/26, 10:25:07 AM EDT]","2026 Q2, BSI, PAM, SOX",100046302,"Rojo, Ian I",,False,No,No,RSABO_USER,Account Removed,Entitlement Owner,Entitlement,RSABO_USER has privileged (DB Role) access to ECO/eBanking Server:MIA-DC-PHOEBE Instance:PHOECDB DB:PHOECDB through role RESOURCE.,,"Rojo, Ian I",irojo@bpi-gruposantander.com,A,"Oliveros, Jose Manuel","Rojo, Ian I","7/28/26, 9:29 AM","7/28/26, 9:29 AM",,,,100046302
Approved,,SOX BSI - Non Person,Entitlement Owner Access Review for SOX BSI - Non Person,"2026 Q2 PAM BSI SOX Entitlement Owner Certification[7/23/26, 10:25:07 AM EDT]","2026 Q2, BSI, PAM, SOX",100046302,"Rojo, Ian I",,False,No,No,RSABO_USER,Account Removed,Entitlement Owner,Entitlement,RSABO_USER has privileged (DB Permission) access to ECO/eBanking Server:MIA-DC-PHOEBE Instance:PHOECDB DB:PHOECDB.,,"Rojo, Ian I",irojo@bpi-gruposantander.com,A,"Oliveros, Jose Manuel","Rojo, Ian I","7/28/26, 9:29 AM","7/28/26, 9:29 AM",,,,100046302
Approved,,SOX BSI - Non Person,Entitlement Owner Access Review for SOX BSI - Non Person,"2026 Q2 PAM BSI SOX Entitlement Owner Certification[7/23/26, 10:25:07 AM EDT]","2026 Q2, BSI, PAM, SOX",100046302,"Rojo, Ian I",,False,No,No,LBACSYS,Account Removed,Entitlement Owner,Entitlement,LBACSYS has privileged (Schema Owner) access to ECO/eBanking Server:MIA-DC-PHOEBE Instance:PHOECDB DB:PHOECDB through role SCHEMA OWNER.,,"Rojo, Ian I",irojo@bpi-gruposantander.com,A,"Oliveros, Jose Manuel","Rojo, Ian I","7/28/26, 9:29 AM","7/28/26, 9:29 AM",,,,100046302
Approved,,SOX BSI - Non Person,Entitlement Owner Access Review for SOX BSI - Non Person,"2026 Q2 PAM BSI SOX Entitlement Owner Certification[7/23/26, 10:25:07 AM EDT]","2026 Q2, BSI, PAM, SOX",100046302,"Rojo, Ian I",,False,No,No,BSI_US\MIAITBACKUP,Account Removed,Entitlement Owner,Entitlement,BSI_US\MIAITBACKUP has privileged (Instance Role) access to ReconXpert Server:MIA-DC-SQL3 Instance:MIA-DC-SQL3 DB:N/A through role sysadmin.,,"Rojo, Ian I",irojo@bpi-gruposantander.com,A,"Oliveros, Jose Manuel","Rojo, Ian I","7/28/26, 6:36 AM","7/28/26, 9:29 AM",,,,100046302
Approved,,SOX BSI - Non Person,Entitlement Owner Access Review for SOX BSI - Non Person,"2026 Q2 PAM BSI SOX Entitlement Owner Certification[7/23/26, 10:25:07 AM EDT]","2026 Q2, BSI, PAM, SOX",100046302,"Rojo, Ian I",,False,No,No,MIACPRIME,Account Removed,Entitlement Owner,Entitlement,MIACPRIME HAS PRIVILEGED ACCESS TO SOX APPLICATIONS VIA THE MIA.USA.SINVEST ENTERPRISE WIDE DOMAIN GROUP CISCO NETWORK ADMINISTRATORS,,"Rojo, Ian I",irojo@bpi-gruposantander.com,A,"Oliveros, Jose Manuel","Rojo, Ian I","7/28/26, 9:29 AM","7/28/26, 9:29 AM",,,,100046302
Approved,,SOX BSI - Non Person,Entitlement Owner Access Review for SOX BSI - Non Person,"2026 Q2 PAM BSI SOX Entitlement Owner Certification[7/23/26, 10:25:07 AM EDT]","2026 Q2, BSI, PAM, SOX",100046302,"Rojo, Ian I",,False,No,No,SYSDG,Account Removed,Entitlement Owner,Entitlement,SYSDG has privileged (DB Permission) access to ECO/eBanking Server:MIA-DC-PHOEBE Instance:PHOECDB DB:PHOECDB.,,"Rojo, Ian I",irojo@bpi-gruposantander.com,A,"Oliveros, Jose Manuel","Rojo, Ian I","7/28/26, 9:29 AM","7/28/26, 9:29 AM",,,,100046302
Approved,,SOX BSI - Non Person,Entitlement Owner Access Review for SOX BSI - Non Person,"2026 Q2 PAM BSI SOX Entitlement Owner Certification[7/23/26, 10:25:07 AM EDT]","2026 Q2, BSI, PAM, SOX",100046302,"Rojo, Ian I",,False,No,No,SYSDG,Account Removed,Entitlement Owner,Entitlement,SYSDG has privileged (Instance Permission) access to ECO/eBanking Server:MIA-DC-PHOEBE Instance:PHOECDB DB:PHOECDB.,,"Rojo, Ian I",irojo@bpi-gruposantander.com,A,"Oliveros, Jose Manuel","Rojo, Ian I","7/28/26, 9:29 AM","7/28/26, 9:29 AM",,,,100046302
Approved,,SOX BSI - Non Person,Entitlement Owner Access Review for SOX BSI - Non Person,"2026 Q2 PAM BSI SOX Entitlement Owner Certification[7/23/26, 10:25:07 AM EDT]","2026 Q2, BSI, PAM, SOX",100046302,"Rojo, Ian I",,False,No,No,MIAODS,Account Removed,Entitlement Owner,Entitlement,MIAODS has privileged (Instance Permission) access to ECO/eBanking Server:MIA-DC-PHOEBE Instance:PHOECDB DB:PHOECDB.,,"Rojo, Ian I",irojo@bpi-gruposantander.com,A,"Oliveros, Jose Manuel","Rojo, Ian I","7/28/26, 9:29 AM","7/28/26, 9:29 AM",,,,100046302
Approved,,SOX BSI - Non Person,Entitlement Owner Access Review for SOX BSI - Non Person,"2026 Q2 PAM BSI SOX Entitlement Owner Certification[7/23/26, 10:25:07 AM EDT]","2026 Q2, BSI, PAM, SOX",100046302,"Rojo, Ian I",,False,No,No,MIAWKST,Account Removed,Entitlement Owner,Entitlement,MIAWKST HAS PRIVILEGED ACCESS TO SOX APPLICATIONS VIA THE MIA.USA.SINVEST ENTERPRISE WIDE DOMAIN GROUP WKSTADMIN,,"Rojo, Ian I",irojo@bpi-gruposantander.com,A,"Oliveros, Jose Manuel","Rojo, Ian I","7/28/26, 9:29 AM","7/28/26, 9:29 AM",,,,100046302
Approved,,SOX BSI - Non Person,Entitlement Owner Access Review for SOX BSI - Non Person,"2026 Q2 PAM BSI SOX Entitlement Owner Certification[7/23/26, 10:25:07 AM EDT]","2026 Q2, BSI, PAM, SOX",100046302,"Rojo, Ian I",,False,No,No,ORDDATA,Account Removed,Entitlement Owner,Entitlement,ORDDATA has privileged (Schema Owner) access to ECO/eBanking Server:MIA-DC-PHOEBE Instance:PHOECDB DB:PHOECDB through role SCHEMA OWNER.,,"Rojo, Ian I",irojo@bpi-gruposantander.com,A,"Oliveros, Jose Manuel","Rojo, Ian I","7/28/26, 9:29 AM","7/28/26, 9:29 AM",,,,100046302
Approved,,SOX BSI - Non Person,Entitlement Owner Access Review for SOX BSI - Non Person,"2026 Q2 PAM BSI SOX Entitlement Owner Certification[7/23/26, 10:25:07 AM EDT]","2026 Q2, BSI, PAM, SOX",100046302,"Rojo, Ian I",,False,No,No,DVSYS,Account Removed,Entitlement Owner,Entitlement,DVSYS has privileged (Schema Owner) access to ECO/eBanking Server:MIA-DC-PHOEBE Instance:PHOECDB DB:PHOECDB through role SCHEMA OWNER.,,"Rojo, Ian I",irojo@bpi-gruposantander.com,A,"Oliveros, Jose Manuel","Rojo, Ian I","7/28/26, 9:29 AM","7/28/26, 9:29 AM",,,,100046302
Approved,,SOX BSI - Non Person,Entitlement Owner Access Review for SOX BSI - Non Person,"2026 Q2 PAM BSI SOX Entitlement Owner Certification[7/23/26, 10:25:07 AM EDT]","2026 Q2, BSI, PAM, SOX",100046302,"Rojo, Ian I",,False,No,No,DVSYS,Account Removed,Entitlement Owner,Entitlement,DVSYS has privileged (Instance Permission) access to ECO/eBanking Server:MIA-DC-PHOEBE Instance:PHOECDB DB:PHOECDB.,,"Rojo, Ian I",irojo@bpi-gruposantander.com,A,"Oliveros, Jose Manuel","Rojo, Ian I","7/28/26, 9:29 AM","7/28/26, 9:29 AM",,,,100046302
Approved,,SOX BSI - Non Person,Entitlement Owner Access Review for SOX BSI - Non Person,"2026 Q2 PAM BSI SOX Entitlement Owner Certification[7/23/26, 10:25:07 AM EDT]","2026 Q2, BSI, PAM, SOX",100046302,"Rojo, Ian I",,False,No,No,ORDSYS,Account Removed,Entitlement Owner,Entitlement,ORDSYS has privileged (Schema Owner) access to ECO/eBanking Server:MIA-DC-PHOEBE Instance:PHOECDB DB:PHOECDB through role SCHEMA OWNER.,,"Rojo, Ian I",irojo@bpi-gruposantander.com,A,"Oliveros, Jose Manuel","Rojo, Ian I","7/28/26, 9:29 AM","7/28/26, 9:29 AM",,,,100046302
Approved,,SOX BSI - Non Person,Entitlement Owner Access Review for SOX BSI - Non Person,"2026 Q2 PAM BSI SOX Entitlement Owner Certification[7/23/26, 10:25:07 AM EDT]","2026 Q2, BSI, PAM, SOX",100046302,"Rojo, Ian I",,False,No,No,ORDSYS,Account Removed,Entitlement Owner,Entitlement,ORDSYS has privileged (DB Permission) access to ECO/eBanking Server:MIA-DC-PHOEBE Instance:PHOECDB DB:PHOECDB.,,"Rojo, Ian I",irojo@bpi-gruposantander.com,A,"Oliveros, Jose Manuel","Rojo, Ian I","7/28/26, 9:29 AM","7/28/26, 9:29 AM",,,,100046302
Approved,,SOX BSI - Non Person,Entitlement Owner Access Review for SOX BSI - Non Person,"2026 Q2 PAM BSI SOX Entitlement Owner Certification[7/23/26, 10:25:07 AM EDT]","2026 Q2, BSI, PAM, SOX",100046302,"Rojo, Ian I",,False,No,No,MIACUAD,Account Removed,Entitlement Owner,Entitlement,MIACUAD HAS PRIVILEGED ACCESS TO SOX APPLICATION T24 ON SERVER MIASXPRD-MGT WITH PERMISSIONS ALL=(ROOT) PASSWD: /USR/BIN/BASH.,,"Rojo, Ian I",irojo@bpi-gruposantander.com,A,"Oliveros, Jose Manuel","Rojo, Ian I","7/28/26, 9:29 AM","7/28/26, 9:29 AM",,,,100046302
Approved,,SOX BSI - Non Person,Entitlement Owner Access Review for SOX BSI - Non Person,"2026 Q2 PAM BSI SOX Entitlement Owner Certification[7/23/26, 10:25:07 AM EDT]","2026 Q2, BSI, PAM, SOX",100046302,"Rojo, Ian I",,False,No,No,MIASNOWCMDB,Account Removed,Entitlement Owner,Entitlement,MIASNOWCMDB HAS PRIVILEGED ACCESS TO SOX APPLICATION T24 ON SERVER MIASX1 WITH PERMISSIONS ALL=NOPASSWD: SVCNOW.,,"Rojo, Ian I",irojo@bpi-gruposantander.com,A,"Oliveros, Jose Manuel","Rojo, Ian I","7/28/26, 9:29 AM","7/28/26, 9:29 AM",,,,100046302
Approved,,SOX BSI - Non Person,Entitlement Owner Access Review for SOX BSI - Non Person,"2026 Q2 PAM BSI SOX Entitlement Owner Certification[7/23/26, 10:25:07 AM EDT]","2026 Q2, BSI, PAM, SOX",100046302,"Rojo, Ian I",,False,No,No,MIASNOWCMDB,Account Removed,Entitlement Owner,Entitlement,MIASNOWCMDB HAS PRIVILEGED ACCESS TO SOX APPLICATION T24 ON SERVER MIASXPRD-MGT WITH PERMISSIONS ALL=(ROOT) NOPASSWD: SVCNOW.,,"Rojo, Ian I",irojo@bpi-gruposantander.com,A,"Oliveros, Jose Manuel","Rojo, Ian I","7/28/26, 9:29 AM","7/28/26, 9:29 AM",,,,100046302
Approved,,SOX BSI - Non Person,Entitlement Owner Access Review for SOX BSI - Non Person,"2026 Q2 PAM BSI SOX Entitlement Owner Certification[7/23/26, 10:25:07 AM EDT]","2026 Q2, BSI, PAM, SOX",100046302,"Rojo, Ian I",,False,No,No,DBSNMP,Account Removed,Entitlement Owner,Entitlement,DBSNMP has privileged (DB Role) access to ECO/eBanking Server:MIA-DC-PHOEBE Instance:PHOECDB DB:PHOECDB through role OEM_MONITOR.,,"Rojo, Ian I",irojo@bpi-gruposantander.com,A,"Oliveros, Jose Manuel","Rojo, Ian I","7/28/26, 9:29 AM","7/28/26, 9:29 AM",,,,100046302
Approved,,SOX BSI - Non Person,Entitlement Owner Access Review for SOX BSI - Non Person,"2026 Q2 PAM BSI SOX Entitlement Owner Certification[7/23/26, 10:25:07 AM EDT]","2026 Q2, BSI, PAM, SOX",100046302,"Rojo, Ian I",,False,No,No,DBSNMP,Account Removed,Entitlement Owner,Entitlement,DBSNMP has privileged (Schema Owner) access to ECO/eBanking Server:MIA-DC-PHOEBE Instance:PHOECDB DB:PHOECDB through role SCHEMA OWNER.,,"Rojo, Ian I",irojo@bpi-gruposantander.com,A,"Oliveros, Jose Manuel","Rojo, Ian I","7/28/26, 9:29 AM","7/28/26, 9:29 AM",,,,100046302
Approved,,SOX BSI - Non Person,Entitlement Owner Access Review for SOX BSI - Non Person,"2026 Q2 PAM BSI SOX Entitlement Owner Certification[7/23/26, 10:25:07 AM EDT]","2026 Q2, BSI, PAM, SOX",100046302,"Rojo, Ian I",,False,No,No,CTXSYS,Account Removed,Entitlement Owner,Entitlement,CTXSYS has privileged (DB Permission) access to ECO/eBanking Server:MIA-DC-PHOEBE Instance:PHOECDB DB:PHOECDB through role CTXAPP.,,"Rojo, Ian I",irojo@bpi-gruposantander.com,A,"Oliveros, Jose Manuel","Rojo, Ian I","7/28/26, 9:29 AM","7/28/26, 9:29 AM",,,,100046302
Approved,,SOX BSI - Non Person,Entitlement Owner Access Review for SOX BSI - Non Person,"2026 Q2 PAM BSI SOX Entitlement Owner Certification[7/23/26, 10:25:07 AM EDT]","2026 Q2, BSI, PAM, SOX",100046302,"Rojo, Ian I",,False,No,No,CTXSYS,Account Removed,Entitlement Owner,Entitlement,CTXSYS has privileged (DB Role) access to ECO/eBanking Server:MIA-DC-PHOEBE Instance:PHOECDB DB:PHOECDB through role RESOURCE.,,"Rojo, Ian I",irojo@bpi-gruposantander.com,A,"Oliveros, Jose Manuel","Rojo, Ian I","7/28/26, 9:29 AM","7/28/26, 9:29 AM",,,,100046302
Approved,,SOX BSI - Non Person,Entitlement Owner Access Review for SOX BSI - Non Person,"2026 Q2 PAM BSI SOX Entitlement Owner Certification[7/23/26, 10:25:07 AM EDT]","2026 Q2, BSI, PAM, SOX",100046302,"Rojo, Ian I",,False,No,No,CTXSYS,Account Removed,Entitlement Owner,Entitlement,CTXSYS has privileged (Schema Owner) access to ECO/eBanking Server:MIA-DC-PHOEBE Instance:PHOECDB DB:PHOECDB through role SCHEMA OWNER.,,"Rojo, Ian I",irojo@bpi-gruposantander.com,A,"Oliveros, Jose Manuel","Rojo, Ian I","7/28/26, 9:29 AM","7/28/26, 9:29 AM",,,,100046302
Approved,,SOX BSI - Non Person,Entitlement Owner Access Review for SOX BSI - Non Person,"2026 Q2 PAM BSI SOX Entitlement Owner Certification[7/23/26, 10:25:07 AM EDT]","2026 Q2, BSI, PAM, SOX",100046302,"Rojo, Ian I",,False,No,No,TABLEAU_RO,Account Removed,Entitlement Owner,Entitlement,TABLEAU_RO has privileged (Schema Owner) access to ECO/eBanking Server:MIA-DC-PHOEBE Instance:PHOECDB DB:PHOECDB through role SCHEMA OWNER.,,"Rojo, Ian I",irojo@bpi-gruposantander.com,A,"Oliveros, Jose Manuel","Rojo, Ian I","7/28/26, 9:29 AM","7/28/26, 9:29 AM",,,,100046302
Approved,,SOX BSI - Non Person,Entitlement Owner Access Review for SOX BSI - Non Person,"2026 Q2 PAM BSI SOX Entitlement Owner Certification[7/23/26, 10:25:07 AM EDT]","2026 Q2, BSI, PAM, SOX",100046302,"Rojo, Ian I",,False,No,No,UNITYADMIN,Account Removed,Entitlement Owner,Entitlement,UNITYADMIN HAS PRIVILEGED ACCESS TO SOX APPLICATIONS VIA THE MIA.USA.SINVEST ENTERPRISE WIDE DOMAIN GROUP DOMAIN ADMINS,,"Rojo, Ian I",irojo@bpi-gruposantander.com,A,"Oliveros, Jose Manuel","Rojo, Ian I","7/28/26, 9:29 AM","7/28/26, 9:29 AM",,,,100046302
Approved,,SOX BSI - Non Person,Entitlement Owner Access Review for SOX BSI - Non Person,"2026 Q2 PAM BSI SOX Entitlement Owner Certification[7/23/26, 10:25:07 AM EDT]","2026 Q2, BSI, PAM, SOX",100046302,"Rojo, Ian I",,False,No,No,UNITYADMIN,Account Removed,Entitlement Owner,Entitlement,UNITYADMIN HAS PRIVILEGED ACCESS TO SOX APPLICATIONS VIA THE MIA.USA.SINVEST ENTERPRISE WIDE DOMAIN GROUP ADMINISTRATORS,,"Rojo, Ian I",irojo@bpi-gruposantander.com,A,"Oliveros, Jose Manuel","Rojo, Ian I","7/28/26, 9:29 AM","7/28/26, 9:29 AM",,,,100046302
Approved,,SOX BSI - Non Person,Entitlement Owner Access Review for SOX BSI - Non Person,"2026 Q2 PAM BSI SOX Entitlement Owner Certification[7/23/26, 10:25:07 AM EDT]","2026 Q2, BSI, PAM, SOX",100046302,"Rojo, Ian I",,False,No,No,UNITYADMIN,Account Removed,Entitlement Owner,Entitlement,UNITYADMIN HAS PRIVILEGED ACCESS TO SOX APPLICATIONS VIA THE MIA.USA.SINVEST ENTERPRISE WIDE DOMAIN GROUP WKSTADMIN,,"Rojo, Ian I",irojo@bpi-gruposantander.com,A,"Oliveros, Jose Manuel","Rojo, Ian I","7/28/26, 9:29 AM","7/28/26, 9:29 AM",,,,100046302
Approved,,SOX BSI - Non Person,Entitlement Owner Access Review for SOX BSI - Non Person,"2026 Q2 PAM BSI SOX Entitlement Owner Certification[7/23/26, 10:25:07 AM EDT]","2026 Q2, BSI, PAM, SOX",100046302,"Rojo, Ian I",,False,No,No,UNITYADMIN,Account Removed,Entitlement Owner,Entitlement,UNITYADMIN HAS PRIVILEGED ACCES TO SOX APPLICATION RECONXPERT WITHIN LOCAL GROUP ADMINISTRATORS ON SERVER:MIA-DC-APP02 THROUGH BSI_US DOMAIN GROUP DOMAIN ADMINS.,,"Rojo, Ian I",irojo@bpi-gruposantander.com,A,"Oliveros, Jose Manuel","Rojo, Ian I","7/28/26, 9:29 AM","7/28/26, 9:29 AM",,,,100046302
Approved,,SOX BSI - Non Person,Entitlement Owner Access Review for SOX BSI - Non Person,"2026 Q2 PAM BSI SOX Entitlement Owner Certification[7/23/26, 10:25:07 AM EDT]","2026 Q2, BSI, PAM, SOX",100046302,"Rojo, Ian I",,False,No,No,UNITYADMIN,Account Removed,Entitlement Owner,Entitlement,UNITYADMIN HAS PRIVILEGED ACCES TO SOX APPLICATION RECONXPERT WITHIN LOCAL GROUP ADMINISTRATORS ON SERVER:MIA-DC-SQL3 THROUGH BSI_US DOMAIN GROUP DOMAIN ADMINS.,,"Rojo, Ian I",irojo@bpi-gruposantander.com,A,"Oliveros, Jose Manuel","Rojo, Ian I","7/28/26, 9:29 AM","7/28/26, 9:29 AM",,,,100046302
Approved,,SOX BSI - Non Person,Entitlement Owner Access Review for SOX BSI - Non Person,"2026 Q2 PAM BSI SOX Entitlement Owner Certification[7/23/26, 10:25:07 AM EDT]","2026 Q2, BSI, PAM, SOX",100046302,"Rojo, Ian I",,False,No,No,MIASNOWCMDB,Account Removed,Entitlement Owner,Entitlement,MIASNOWCMDB HAS PRIVILEGED ACCESS TO SOX APPLICATION ECO/EBANKING ON SERVER ENDOR WITH PERMISSIONS ALL=(ROOT) NOPASSWD: SVCNOW.,,"Rojo, Ian I",irojo@bpi-gruposantander.com,A,"Oliveros, Jose Manuel","Rojo, Ian I","7/28/26, 9:29 AM","7/28/26, 9:29 AM",,,,100046302
Approved,,SOX BSI - Non Person,Entitlement Owner Access Review for SOX BSI - Non Person,"2026 Q2 PAM BSI SOX Entitlement Owner Certification[7/23/26, 10:25:07 AM EDT]","2026 Q2, BSI, PAM, SOX",100046302,"Rojo, Ian I",,False,No,No,MIASNOWCMDB,Account Removed,Entitlement Owner,Entitlement,MIASNOWCMDB HAS PRIVILEGED ACCESS TO SOX APPLICATION ECO/EBANKING ON SERVER MIA-DC-PHOEBE WITH PERMISSIONS ALL=(ROOT) NOPASSWD: SVCNOW.,,"Rojo, Ian I",irojo@bpi-gruposantander.com,A,"Oliveros, Jose Manuel","Rojo, Ian I","7/28/26, 9:29 AM","7/28/26, 9:29 AM",,,,100046302
Approved,,SOX BSI - Non Person,Entitlement Owner Access Review for SOX BSI - Non Person,"2026 Q2 PAM BSI SOX Entitlement Owner Certification[7/23/26, 10:25:07 AM EDT]","2026 Q2, BSI, PAM, SOX",100046302,"Rojo, Ian I",,False,No,No,MIASNOWCMDB,Account Removed,Entitlement Owner,Entitlement,MIASNOWCMDB HAS PRIVILEGED ACCESS TO SOX APPLICATION ECO/EBANKING ON SERVER MIAECODIR WITH PERMISSIONS ALL=(ROOT) NOPASSWD: SVCNOW.,,"Rojo, Ian I",irojo@bpi-gruposantander.com,A,"Oliveros, Jose Manuel","Rojo, Ian I","7/28/26, 9:29 AM","7/28/26, 9:29 AM",,,,100046302
Approved,,SOX BSI - Non Person,Entitlement Owner Access Review for SOX BSI - Non Person,"2026 Q2 PAM BSI SOX Entitlement Owner Certification[7/23/26, 10:25:07 AM EDT]","2026 Q2, BSI, PAM, SOX",100046302,"Rojo, Ian I",,False,No,No,MIASNOWCMDB,Account Removed,Entitlement Owner,Entitlement,MIASNOWCMDB HAS PRIVILEGED ACCESS TO SOX APPLICATION ECO/EBANKING ON SERVER MIAECOFS WITH PERMISSIONS ALL=(ROOT) NOPASSWD: SVCNOW.,,"Rojo, Ian I",irojo@bpi-gruposantander.com,A,"Oliveros, Jose Manuel","Rojo, Ian I","7/28/26, 9:29 AM","7/28/26, 9:29 AM",,,,100046302
Approved,,SOX BSI - Non Person,Entitlement Owner Access Review for SOX BSI - Non Person,"2026 Q2 PAM BSI SOX Entitlement Owner Certification[7/23/26, 10:25:07 AM EDT]","2026 Q2, BSI, PAM, SOX",100046302,"Rojo, Ian I",,False,No,No,MIASNOWCMDB,Account Removed,Entitlement Owner,Entitlement,MIASNOWCMDB HAS PRIVILEGED ACCESS TO SOX APPLICATION ECO/EBANKING ON SERVER MIAECOWAS WITH PERMISSIONS ALL=(ROOT) NOPASSWD: SVCNOW.,,"Rojo, Ian I",irojo@bpi-gruposantander.com,A,"Oliveros, Jose Manuel","Rojo, Ian I","7/28/26, 9:29 AM","7/28/26, 9:29 AM",,,,100046302
Approved,,SOX BSI - Non Person,Entitlement Owner Access Review for SOX BSI - Non Person,"2026 Q2 PAM BSI SOX Entitlement Owner Certification[7/23/26, 10:25:07 AM EDT]","2026 Q2, BSI, PAM, SOX",100046302,"Rojo, Ian I",,False,No,No,MIASNOWCMDB,Account Removed,Entitlement Owner,Entitlement,MIASNOWCMDB HAS PRIVILEGED ACCESS TO SOX APPLICATION ECO/EBANKING ON SERVER MIAECOWEB WITH PERMISSIONS ALL=(ROOT) NOPASSWD: SVCNOW.,,"Rojo, Ian I",irojo@bpi-gruposantander.com,A,"Oliveros, Jose Manuel","Rojo, Ian I","7/28/26, 9:29 AM","7/28/26, 9:29 AM",,,,100046302
Approved,,SOX BSI - Non Person,Entitlement Owner Access Review for SOX BSI - Non Person,"2026 Q2 PAM BSI SOX Entitlement Owner Certification[7/23/26, 10:25:07 AM EDT]","2026 Q2, BSI, PAM, SOX",100046302,"Rojo, Ian I",,False,No,No,BSI_US\MIASOLAR,Account Removed,Entitlement Owner,Entitlement,BSI_US\MIASOLAR has privileged (Instance Role) access to ReconXpert Server:MIA-DC-SQL3 Instance:MIA-DC-SQL3 DB:N/A through role sysadmin.,,"Rojo, Ian I",irojo@bpi-gruposantander.com,A,"Oliveros, Jose Manuel","Rojo, Ian I","7/28/26, 6:36 AM","7/28/26, 9:29 AM",,,,100046302
Approved,,SOX BSI - Non Person,Entitlement Owner Access Review for SOX BSI - Non Person,"2026 Q2 PAM BSI SOX Entitlement Owner Certification[7/23/26, 10:25:07 AM EDT]","2026 Q2, BSI, PAM, SOX",100046302,"Rojo, Ian I",,False,No,No,MIAMENI,Account Removed,Entitlement Owner,Entitlement,MIAMENI HAS PRIVILEGED ACCESS TO SOX APPLICATION T24 ON SERVER MIASXPRD-MGT WITH PERMISSIONS ALL=(ROOT) PASSWD: /USR/BIN/BASH.,,"Rojo, Ian I",irojo@bpi-gruposantander.com,A,"Oliveros, Jose Manuel","Rojo, Ian I","7/28/26, 9:29 AM","7/28/26, 9:29 AM",,,,100046302
Approved,,SOX BSI - Non Person,Entitlement Owner Access Review for SOX BSI - Non Person,"2026 Q2 PAM BSI SOX Entitlement Owner Certification[7/23/26, 10:25:07 AM EDT]","2026 Q2, BSI, PAM, SOX",100046302,"Rojo, Ian I",,False,No,No,GSMADMIN_INTERNAL,Account Removed,Entitlement Owner,Entitlement,GSMADMIN_INTERNAL has privileged (DB Permission) access to ECO/eBanking Server:MIA-DC-PHOEBE Instance:PHOECDB DB:PHOECDB.,,"Rojo, Ian I",irojo@bpi-gruposantander.com,A,"Oliveros, Jose Manuel","Rojo, Ian I","7/28/26, 9:29 AM","7/28/26, 9:29 AM",,,,100046302
Approved,,SOX BSI - Non Person,Entitlement Owner Access Review for SOX BSI - Non Person,"2026 Q2 PAM BSI SOX Entitlement Owner Certification[7/23/26, 10:25:07 AM EDT]","2026 Q2, BSI, PAM, SOX",100046302,"Rojo, Ian I",,False,No,No,GSMADMIN_INTERNAL,Account Removed,Entitlement Owner,Entitlement,GSMADMIN_INTERNAL has privileged (Instance Permission) access to ECO/eBanking Server:MIA-DC-PHOEBE Instance:PHOECDB DB:PHOECDB.,,"Rojo, Ian I",irojo@bpi-gruposantander.com,A,"Oliveros, Jose Manuel","Rojo, Ian I","7/28/26, 9:29 AM","7/28/26, 9:29 AM",,,,100046302
Approved,,SOX BSI - Non Person,Entitlement Owner Access Review for SOX BSI - Non Person,"2026 Q2 PAM BSI SOX Entitlement Owner Certification[7/23/26, 10:25:07 AM EDT]","2026 Q2, BSI, PAM, SOX",100046302,"Rojo, Ian I",,False,No,No,APPACC_SAILCYBER,Account Removed,Entitlement Owner,Entitlement,APPACC_SAILCYBER has privileged (Instance Permission) access to ECO/eBanking Server:MIA-DC-PHOEBE Instance:PHOECDB DB:PHOECDB through role SAILCYBER_ROLE.,,"Rojo, Ian I",irojo@bpi-gruposantander.com,A,"Oliveros, Jose Manuel","Rojo, Ian I","7/28/26, 6:36 AM","7/28/26, 9:29 AM",,,,100046302
Approved,,SOX BSI - Non Person,Entitlement Owner Access Review for SOX BSI - Non Person,"2026 Q2 PAM BSI SOX Entitlement Owner Certification[7/23/26, 10:25:07 AM EDT]","2026 Q2, BSI, PAM, SOX",100046302,"Rojo, Ian I",,False,No,No,MARTE,Account Removed,Entitlement Owner,Entitlement,MARTE has privileged (DB Role) access to ECO/eBanking Server:MIA-DC-PHOEBE Instance:PHOECDB DB:PHOECDB through role RESOURCE.,,"Rojo, Ian I",irojo@bpi-gruposantander.com,A,"Oliveros, Jose Manuel","Rojo, Ian I","7/28/26, 9:29 AM","7/28/26, 9:29 AM",,,,100046302
Approved,,SOX BSI - Non Person,Entitlement Owner Access Review for SOX BSI - Non Person,"2026 Q2 PAM BSI SOX Entitlement Owner Certification[7/23/26, 10:25:07 AM EDT]","2026 Q2, BSI, PAM, SOX",100046302,"Rojo, Ian I",,False,No,No,MARTE,Account Removed,Entitlement Owner,Entitlement,MARTE has privileged (Schema Owner) access to ECO/eBanking Server:MIA-DC-PHOEBE Instance:PHOECDB DB:PHOECDB through role SCHEMA OWNER.,,"Rojo, Ian I",irojo@bpi-gruposantander.com,A,"Oliveros, Jose Manuel","Rojo, Ian I","7/28/26, 9:29 AM","7/28/26, 9:29 AM",,,,100046302
Approved,,SOX BSI - Non Person,Entitlement Owner Access Review for SOX BSI - Non Person,"2026 Q2 PAM BSI SOX Entitlement Owner Certification[7/23/26, 10:25:07 AM EDT]","2026 Q2, BSI, PAM, SOX",100046302,"Rojo, Ian I",,False,No,No,GSMADMIN_INTERNAL,Account Removed,Entitlement Owner,Entitlement,GSMADMIN_INTERNAL has privileged (DB Permission) access to ECO/eBanking Server:MIA-DC-PHOEBE Instance:PHOECDB DB:PHOECDB through role DATAPUMP_EXP_FULL_DATABASE.,,"Rojo, Ian I",irojo@bpi-gruposantander.com,A,"Oliveros, Jose Manuel","Rojo, Ian I","7/28/26, 9:29 AM","7/28/26, 9:29 AM",,,,100046302
Approved,,SOX BSI - Non Person,Entitlement Owner Access Review for SOX BSI - Non Person,"2026 Q2 PAM BSI SOX Entitlement Owner Certification[7/23/26, 10:25:07 AM EDT]","2026 Q2, BSI, PAM, SOX",100046302,"Rojo, Ian I",,False,No,No,GSMADMIN_INTERNAL,Account Removed,Entitlement Owner,Entitlement,GSMADMIN_INTERNAL has privileged (DB Permission) access to ECO/eBanking Server:MIA-DC-PHOEBE Instance:PHOECDB DB:PHOECDB through role DATAPUMP_IMP_FULL_DATABASE.,,"Rojo, Ian I",irojo@bpi-gruposantander.com,A,"Oliveros, Jose Manuel","Rojo, Ian I","7/28/26, 9:29 AM","7/28/26, 9:29 AM",,,,100046302
Approved,,SOX BSI - Non Person,Entitlement Owner Access Review for SOX BSI - Non Person,"2026 Q2 PAM BSI SOX Entitlement Owner Certification[7/23/26, 10:25:07 AM EDT]","2026 Q2, BSI, PAM, SOX",100046302,"Rojo, Ian I",,False,No,No,GSMADMIN_INTERNAL,Account Removed,Entitlement Owner,Entitlement,GSMADMIN_INTERNAL has privileged (DB Permission) access to ECO/eBanking Server:MIA-DC-PHOEBE Instance:PHOECDB DB:PHOECDB through role GSM_POOLADMIN_ROLE.,,"Rojo, Ian I",irojo@bpi-gruposantander.com,A,"Oliveros, Jose Manuel","Rojo, Ian I","7/28/26, 9:29 AM","7/28/26, 9:29 AM",,,,100046302
Approved,,SOX BSI - Non Person,Entitlement Owner Access Review for SOX BSI - Non Person,"2026 Q2 PAM BSI SOX Entitlement Owner Certification[7/23/26, 10:25:07 AM EDT]","2026 Q2, BSI, PAM, SOX",100046302,"Rojo, Ian I",,False,No,No,GSMADMIN_INTERNAL,Account Removed,Entitlement Owner,Entitlement,GSMADMIN_INTERNAL has privileged (Schema Owner) access to ECO/eBanking Server:MIA-DC-PHOEBE Instance:PHOECDB DB:PHOECDB through role SCHEMA OWNER.,,"Rojo, Ian I",irojo@bpi-gruposantander.com,A,"Oliveros, Jose Manuel","Rojo, Ian I","7/28/26, 9:29 AM","7/28/26, 9:29 AM",,,,100046302
Approved,,SOX BSI - Non Person,Entitlement Owner Access Review for SOX BSI - Non Person,"2026 Q2 PAM BSI SOX Entitlement Owner Certification[7/23/26, 10:25:07 AM EDT]","2026 Q2, BSI, PAM, SOX",100046302,"Rojo, Ian I",,False,No,No,SYSTEM,Account Removed,Entitlement Owner,Entitlement,SYSTEM has privileged (Schema Owner) access to ECO/eBanking Server:MIA-DC-PHOEBE Instance:PHOECDB DB:PHOECDB through role SCHEMA OWNER.,,"Rojo, Ian I",irojo@bpi-gruposantander.com,A,"Oliveros, Jose Manuel","Rojo, Ian I","7/28/26, 9:29 AM","7/28/26, 9:29 AM",,,,100046302
Approved,,SOX BSI - Non Person,Entitlement Owner Access Review for SOX BSI - Non Person,"2026 Q2 PAM BSI SOX Entitlement Owner Certification[7/23/26, 10:25:07 AM EDT]","2026 Q2, BSI, PAM, SOX",100046302,"Rojo, Ian I",,False,No,No,SYSRAC,Account Removed,Entitlement Owner,Entitlement,SYSRAC has privileged (Instance Permission) access to ECO/eBanking Server:MIA-DC-PHOEBE Instance:PHOECDB DB:PHOECDB.,,"Rojo, Ian I",irojo@bpi-gruposantander.com,A,"Oliveros, Jose Manuel","Rojo, Ian I","7/28/26, 9:29 AM","7/28/26, 9:29 AM",,,,100046302
Approved,,SOX BSI - Non Person,Entitlement Owner Access Review for SOX BSI - Non Person,"2026 Q2 PAM BSI SOX Entitlement Owner Certification[7/23/26, 10:25:07 AM EDT]","2026 Q2, BSI, PAM, SOX",100046302,"Rojo, Ian I",,False,No,No,SYSTEM,Account Removed,Entitlement Owner,Entitlement,SYSTEM has privileged (DB Permission) access to ECO/eBanking Server:MIA-DC-PHOEBE Instance:PHOECDB DB:PHOECDB.,,"Rojo, Ian I",irojo@bpi-gruposantander.com,A,"Oliveros, Jose Manuel","Rojo, Ian I","7/28/26, 9:29 AM","7/28/26, 9:29 AM",,,,100046302
Approved,,SOX BSI - Non Person,Entitlement Owner Access Review for SOX BSI - Non Person,"2026 Q2 PAM BSI SOX Entitlement Owner Certification[7/23/26, 10:25:07 AM EDT]","2026 Q2, BSI, PAM, SOX",100046302,"Rojo, Ian I",,False,No,No,ODSSM,Account Removed,Entitlement Owner,Entitlement,ODSSM has privileged (Schema Owner) access to ECO/eBanking Server:MIA-DC-PHOEBE Instance:PHOECDB DB:PHOECDB through role SCHEMA OWNER.,,"Rojo, Ian I",irojo@bpi-gruposantander.com,A,"Oliveros, Jose Manuel","Rojo, Ian I","7/28/26, 9:29 AM","7/28/26, 9:29 AM",,,,100046302
Approved,,SOX BSI - Non Person,Entitlement Owner Access Review for SOX BSI - Non Person,"2026 Q2 PAM BSI SOX Entitlement Owner Certification[7/23/26, 10:25:07 AM EDT]","2026 Q2, BSI, PAM, SOX",100046302,"Rojo, Ian I",,False,No,No,RSACM_USER,Account Removed,Entitlement Owner,Entitlement,RSACM_USER has privileged (DB Role) access to ECO/eBanking Server:MIA-DC-PHOEBE Instance:PHOECDB DB:PHOECDB through role RESOURCE.,,"Rojo, Ian I",irojo@bpi-gruposantander.com,A,"Oliveros, Jose Manuel","Rojo, Ian I","7/28/26, 9:29 AM","7/28/26, 9:29 AM",,,,100046302
Approved,,SOX BSI - Non Person,Entitlement Owner Access Review for SOX BSI - Non Person,"2026 Q2 PAM BSI SOX Entitlement Owner Certification[7/23/26, 10:25:07 AM EDT]","2026 Q2, BSI, PAM, SOX",100046302,"Rojo, Ian I",,False,No,No,RSACM_USER,Account Removed,Entitlement Owner,Entitlement,RSACM_USER has privileged (DB Permission) access to ECO/eBanking Server:MIA-DC-PHOEBE Instance:PHOECDB DB:PHOECDB.,,"Rojo, Ian I",irojo@bpi-gruposantander.com,A,"Oliveros, Jose Manuel","Rojo, Ian I","7/28/26, 9:29 AM","7/28/26, 9:29 AM",,,,100046302
Approved,,SOX BSI - Non Person,Entitlement Owner Access Review for SOX BSI - Non Person,"2026 Q2 PAM BSI SOX Entitlement Owner Certification[7/23/26, 10:25:07 AM EDT]","2026 Q2, BSI, PAM, SOX",100046302,"Rojo, Ian I",,False,No,No,TAISHO,Account Removed,Entitlement Owner,Entitlement,TAISHO HAS PRIVILEGED ACCESS TO SOX APPLICATIONS VIA THE MIA.USA.SINVEST ENTERPRISE WIDE DOMAIN GROUP DOMAIN ADMINS,,"Rojo, Ian I",irojo@bpi-gruposantander.com,A,"Oliveros, Jose Manuel","Rojo, Ian I","7/28/26, 9:29 AM","7/28/26, 9:29 AM",,,,100046302
Approved,,SOX BSI - Non Person,Entitlement Owner Access Review for SOX BSI - Non Person,"2026 Q2 PAM BSI SOX Entitlement Owner Certification[7/23/26, 10:25:07 AM EDT]","2026 Q2, BSI, PAM, SOX",100046302,"Rojo, Ian I",,False,No,No,TAISHO,Account Removed,Entitlement Owner,Entitlement,TAISHO HAS PRIVILEGED ACCESS TO SOX APPLICATIONS VIA THE MIA.USA.SINVEST ENTERPRISE WIDE DOMAIN GROUP ADMINISTRATORS,,"Rojo, Ian I",irojo@bpi-gruposantander.com,A,"Oliveros, Jose Manuel","Rojo, Ian I","7/28/26, 9:29 AM","7/28/26, 9:29 AM",,,,100046302
Approved,,SOX BSI - Non Person,Entitlement Owner Access Review for SOX BSI - Non Person,"2026 Q2 PAM BSI SOX Entitlement Owner Certification[7/23/26, 10:25:07 AM EDT]","2026 Q2, BSI, PAM, SOX",100046302,"Rojo, Ian I",,False,No,No,TAISHO,Account Removed,Entitlement Owner,Entitlement,TAISHO HAS PRIVILEGED ACCESS TO SOX APPLICATIONS VIA THE MIA.USA.SINVEST ENTERPRISE WIDE DOMAIN GROUP BACKUP OPERATORS,,"Rojo, Ian I",irojo@bpi-gruposantander.com,A,"Oliveros, Jose Manuel","Rojo, Ian I","7/28/26, 9:29 AM","7/28/26, 9:29 AM",,,,100046302
Approved,,SOX BSI - Non Person,Entitlement Owner Access Review for SOX BSI - Non Person,"2026 Q2 PAM BSI SOX Entitlement Owner Certification[7/23/26, 10:25:07 AM EDT]","2026 Q2, BSI, PAM, SOX",100046302,"Rojo, Ian I",,False,No,No,TAISHO,Account Removed,Entitlement Owner,Entitlement,TAISHO HAS PRIVILEGED ACCESS TO SOX APPLICATIONS VIA THE MIA.USA.SINVEST ENTERPRISE WIDE DOMAIN GROUP ENTERPRISE ADMINS,,"Rojo, Ian I",irojo@bpi-gruposantander.com,A,"Oliveros, Jose Manuel","Rojo, Ian I","7/28/26, 9:29 AM","7/28/26, 9:29 AM",,,,100046302
Approved,,SOX BSI - Non Person,Entitlement Owner Access Review for SOX BSI - Non Person,"2026 Q2 PAM BSI SOX Entitlement Owner Certification[7/23/26, 10:25:07 AM EDT]","2026 Q2, BSI, PAM, SOX",100046302,"Rojo, Ian I",,False,No,No,TAISHO,Account Removed,Entitlement Owner,Entitlement,TAISHO HAS PRIVILEGED ACCES TO SOX APPLICATION RECONXPERT WITHIN LOCAL GROUP ADMINISTRATORS ON SERVER:MIA-DC-APP02 THROUGH BSI_US DOMAIN GROUP DOMAIN ADMINS.,,"Rojo, Ian I",irojo@bpi-gruposantander.com,A,"Oliveros, Jose Manuel","Rojo, Ian I","7/28/26, 9:29 AM","7/28/26, 9:29 AM",,,,100046302
Approved,,SOX BSI - Non Person,Entitlement Owner Access Review for SOX BSI - Non Person,"2026 Q2 PAM BSI SOX Entitlement Owner Certification[7/23/26, 10:25:07 AM EDT]","2026 Q2, BSI, PAM, SOX",100046302,"Rojo, Ian I",,False,No,No,TAISHO,Account Removed,Entitlement Owner,Entitlement,TAISHO HAS PRIVILEGED ACCES TO SOX APPLICATION RECONXPERT WITHIN LOCAL GROUP ADMINISTRATORS ON SERVER:MIA-DC-SQL3 THROUGH BSI_US DOMAIN GROUP DOMAIN ADMINS.,,"Rojo, Ian I",irojo@bpi-gruposantander.com,A,"Oliveros, Jose Manuel","Rojo, Ian I","7/28/26, 9:29 AM","7/28/26, 9:29 AM",,,,100046302
Approved,,SOX BSI - Non Person,Entitlement Owner Access Review for SOX BSI - Non Person,"2026 Q2 PAM BSI SOX Entitlement Owner Certification[7/23/26, 10:25:07 AM EDT]","2026 Q2, BSI, PAM, SOX",100046302,"Rojo, Ian I",,False,No,No,ADMIN,Account Removed,Entitlement Owner,Entitlement,ADMIN has privileged (Schema Owner) access to ECO/eBanking Server:MIA-DC-PHOEBE Instance:PHOECDB DB:PHOECDB through role SCHEMA OWNER.,,"Rojo, Ian I",irojo@bpi-gruposantander.com,A,"Oliveros, Jose Manuel","Rojo, Ian I","7/28/26, 6:36 AM","7/28/26, 9:29 AM",,,,100046302
Approved,,SOX BSI - Non Person,Entitlement Owner Access Review for SOX BSI - Non Person,"2026 Q2 PAM BSI SOX Entitlement Owner Certification[7/23/26, 10:25:07 AM EDT]","2026 Q2, BSI, PAM, SOX",100046302,"Rojo, Ian I",,False,No,No,FABRICA,Account Removed,Entitlement Owner,Entitlement,FABRICA has privileged (Instance Permission) access to ECO/eBanking Server:MIA-DC-PHOEBE Instance:PHOECDB DB:PHOECDB.,,"Rojo, Ian I",irojo@bpi-gruposantander.com,A,"Oliveros, Jose Manuel","Rojo, Ian I","7/28/26, 9:29 AM","7/28/26, 9:29 AM",,,,100046302
Approved,,SOX BSI - Non Person,Entitlement Owner Access Review for SOX BSI - Non Person,"2026 Q2 PAM BSI SOX Entitlement Owner Certification[7/23/26, 10:25:07 AM EDT]","2026 Q2, BSI, PAM, SOX",100046302,"Rojo, Ian I",,False,No,No,FABRICA,Account Removed,Entitlement Owner,Entitlement,FABRICA has privileged (Schema Owner) access to ECO/eBanking Server:MIA-DC-PHOEBE Instance:PHOECDB DB:PHOECDB through role SCHEMA OWNER.,,"Rojo, Ian I",irojo@bpi-gruposantander.com,A,"Oliveros, Jose Manuel","Rojo, Ian I","7/28/26, 9:29 AM","7/28/26, 9:29 AM",,,,100046302
Approved,,SOX BSI - Non Person,Entitlement Owner Access Review for SOX BSI - Non Person,"2026 Q2 PAM BSI SOX Entitlement Owner Certification[7/23/26, 10:25:07 AM EDT]","2026 Q2, BSI, PAM, SOX",100046302,"Rojo, Ian I",,False,No,No,MIASOLAR,Account Removed,Entitlement Owner,Entitlement,MIASOLAR HAS PRIVILEGED ACCESS TO SOX APPLICATIONS VIA THE MIA.USA.SINVEST ENTERPRISE WIDE DOMAIN GROUP DOMAIN ADMINS,,"Rojo, Ian I",irojo@bpi-gruposantander.com,A,"Oliveros, Jose Manuel","Rojo, Ian I","7/28/26, 9:29 AM","7/28/26, 9:29 AM",,,,100046302
Approved,,SOX BSI - Non Person,Entitlement Owner Access Review for SOX BSI - Non Person,"2026 Q2 PAM BSI SOX Entitlement Owner Certification[7/23/26, 10:25:07 AM EDT]","2026 Q2, BSI, PAM, SOX",100046302,"Rojo, Ian I",,False,No,No,MIASOLAR,Account Removed,Entitlement Owner,Entitlement,MIASOLAR HAS PRIVILEGED ACCESS TO SOX APPLICATIONS VIA THE MIA.USA.SINVEST ENTERPRISE WIDE DOMAIN GROUP ADMINISTRATORS,,"Rojo, Ian I",irojo@bpi-gruposantander.com,A,"Oliveros, Jose Manuel","Rojo, Ian I","7/28/26, 9:29 AM","7/28/26, 9:29 AM",,,,100046302
Approved,,SOX BSI - Non Person,Entitlement Owner Access Review for SOX BSI - Non Person,"2026 Q2 PAM BSI SOX Entitlement Owner Certification[7/23/26, 10:25:07 AM EDT]","2026 Q2, BSI, PAM, SOX",100046302,"Rojo, Ian I",,False,No,No,MIASOLAR,Account Removed,Entitlement Owner,Entitlement,MIASOLAR HAS PRIVILEGED ACCESS TO SOX APPLICATIONS VIA THE MIA.USA.SINVEST ENTERPRISE WIDE DOMAIN GROUP CISCO ISE ADMINISTRATORS,,"Rojo, Ian I",irojo@bpi-gruposantander.com,A,"Oliveros, Jose Manuel","Rojo, Ian I","7/28/26, 9:29 AM","7/28/26, 9:29 AM",,,,100046302
Approved,,SOX BSI - Non Person,Entitlement Owner Access Review for SOX BSI - Non Person,"2026 Q2 PAM BSI SOX Entitlement Owner Certification[7/23/26, 10:25:07 AM EDT]","2026 Q2, BSI, PAM, SOX",100046302,"Rojo, Ian I",,False,No,No,MIASOLAR,Account Removed,Entitlement Owner,Entitlement,MIASOLAR HAS PRIVILEGED ACCESS TO SOX APPLICATIONS VIA THE MIA.USA.SINVEST ENTERPRISE WIDE DOMAIN GROUP CISCO NETWORK ADMINISTRATORS,,"Rojo, Ian I",irojo@bpi-gruposantander.com,A,"Oliveros, Jose Manuel","Rojo, Ian I","7/28/26, 9:29 AM","7/28/26, 9:29 AM",,,,100046302
Approved,,SOX BSI - Non Person,Entitlement Owner Access Review for SOX BSI - Non Person,"2026 Q2 PAM BSI SOX Entitlement Owner Certification[7/23/26, 10:25:07 AM EDT]","2026 Q2, BSI, PAM, SOX",100046302,"Rojo, Ian I",,False,No,No,MIASOLAR,Account Removed,Entitlement Owner,Entitlement,MIASOLAR HAS PRIVILEGED ACCESS TO SOX APPLICATIONS VIA THE MIA.USA.SINVEST ENTERPRISE WIDE DOMAIN GROUP WKSTADMIN,,"Rojo, Ian I",irojo@bpi-gruposantander.com,A,"Oliveros, Jose Manuel","Rojo, Ian I","7/28/26, 9:29 AM","7/28/26, 9:29 AM",,,,100046302
Approved,,SOX BSI - Non Person,Entitlement Owner Access Review for SOX BSI - Non Person,"2026 Q2 PAM BSI SOX Entitlement Owner Certification[7/23/26, 10:25:07 AM EDT]","2026 Q2, BSI, PAM, SOX",100046302,"Rojo, Ian I",,False,No,No,OJVMSYS,Account Removed,Entitlement Owner,Entitlement,OJVMSYS has privileged (DB Role) access to ECO/eBanking Server:MIA-DC-PHOEBE Instance:PHOECDB DB:PHOECDB through role RESOURCE.,,"Rojo, Ian I",irojo@bpi-gruposantander.com,A,"Oliveros, Jose Manuel","Rojo, Ian I","7/28/26, 9:29 AM","7/28/26, 9:29 AM",,,,100046302
Approved,,SOX BSI - Non Person,Entitlement Owner Access Review for SOX BSI - Non Person,"2026 Q2 PAM BSI SOX Entitlement Owner Certification[7/23/26, 10:25:07 AM EDT]","2026 Q2, BSI, PAM, SOX",100046302,"Rojo, Ian I",,False,No,No,OJVMSYS,Account Removed,Entitlement Owner,Entitlement,OJVMSYS has privileged (Schema Owner) access to ECO/eBanking Server:MIA-DC-PHOEBE Instance:PHOECDB DB:PHOECDB through role SCHEMA OWNER.,,"Rojo, Ian I",irojo@bpi-gruposantander.com,A,"Oliveros, Jose Manuel","Rojo, Ian I","7/28/26, 9:29 AM","7/28/26, 9:29 AM",,,,100046302
Approved,,SOX BSI - Non Person,Entitlement Owner Access Review for SOX BSI - Non Person,"2026 Q2 PAM BSI SOX Entitlement Owner Certification[7/23/26, 10:25:07 AM EDT]","2026 Q2, BSI, PAM, SOX",100046302,"Rojo, Ian I",,False,No,No,SQLTXPLAIN,Account Removed,Entitlement Owner,Entitlement,SQLTXPLAIN has privileged (Schema Owner) access to ECO/eBanking Server:MIA-DC-PHOEBE Instance:PHOECDB DB:PHOECDB through role SCHEMA OWNER.,,"Rojo, Ian I",irojo@bpi-gruposantander.com,A,"Oliveros, Jose Manuel","Rojo, Ian I","7/28/26, 9:29 AM","7/28/26, 9:29 AM",,,,100046302
Approved,,SOX BSI - Non Person,Entitlement Owner Access Review for SOX BSI - Non Person,"2026 Q2 PAM BSI SOX Entitlement Owner Certification[7/23/26, 10:25:07 AM EDT]","2026 Q2, BSI, PAM, SOX",100046302,"Rojo, Ian I",,False,No,No,RSACORE,Account Removed,Entitlement Owner,Entitlement,RSACORE has privileged (DB Role) access to ECO/eBanking Server:MIA-DC-PHOEBE Instance:PHOECDB DB:PHOECDB through role RESOURCE.,,"Rojo, Ian I",irojo@bpi-gruposantander.com,A,"Oliveros, Jose Manuel","Rojo, Ian I","7/28/26, 9:29 AM","7/28/26, 9:29 AM",,,,100046302
Approved,,SOX BSI - Non Person,Entitlement Owner Access Review for SOX BSI - Non Person,"2026 Q2 PAM BSI SOX Entitlement Owner Certification[7/23/26, 10:25:07 AM EDT]","2026 Q2, BSI, PAM, SOX",100046302,"Rojo, Ian I",,False,No,No,RSACORE,Account Removed,Entitlement Owner,Entitlement,RSACORE has privileged (Schema Owner) access to ECO/eBanking Server:MIA-DC-PHOEBE Instance:PHOECDB DB:PHOECDB through role SCHEMA OWNER.,,"Rojo, Ian I",irojo@bpi-gruposantander.com,A,"Oliveros, Jose Manuel","Rojo, Ian I","7/28/26, 9:29 AM","7/28/26, 9:29 AM",,,,100046302
Approved,,SOX BSI - Non Person,Entitlement Owner Access Review for SOX BSI - Non Person,"2026 Q2 PAM BSI SOX Entitlement Owner Certification[7/23/26, 10:25:07 AM EDT]","2026 Q2, BSI, PAM, SOX",100046302,"Rojo, Ian I",,False,No,No,SYS,Account Removed,Entitlement Owner,Entitlement,SYS has privileged (DB Permission) access to ECO/eBanking Server:MIA-DC-PHOEBE Instance:PHOECDB DB:PHOECDB through role BDSQL_ADMIN.,,"Rojo, Ian I",irojo@bpi-gruposantander.com,A,"Oliveros, Jose Manuel","Rojo, Ian I","7/28/26, 9:29 AM","7/28/26, 9:29 AM",,,,100046302
Approved,,SOX BSI - Non Person,Entitlement Owner Access Review for SOX BSI - Non Person,"2026 Q2 PAM BSI SOX Entitlement Owner Certification[7/23/26, 10:25:07 AM EDT]","2026 Q2, BSI, PAM, SOX",100046302,"Rojo, Ian I",,False,No,No,SYS,Account Removed,Entitlement Owner,Entitlement,SYS has privileged (DB Permission) access to ECO/eBanking Server:MIA-DC-PHOEBE Instance:PHOECDB DB:PHOECDB through role CTXAPP.,,"Rojo, Ian I",irojo@bpi-gruposantander.com,A,"Oliveros, Jose Manuel","Rojo, Ian I","7/28/26, 9:29 AM","7/28/26, 9:29 AM",,,,100046302
Approved,,SOX BSI - Non Person,Entitlement Owner Access Review for SOX BSI - Non Person,"2026 Q2 PAM BSI SOX Entitlement Owner Certification[7/23/26, 10:25:07 AM EDT]","2026 Q2, BSI, PAM, SOX",100046302,"Rojo, Ian I",,False,No,No,MIASOLAR,Account Removed,Entitlement Owner,Entitlement,MIASOLAR HAS PRIVILEGED ACCESS TO SOX APPLICATIONS VIA THE MIA.USA.SINVEST ENTERPRISE WIDE DOMAIN GROUP VSPHERE ADMINISTRATORS,,"Rojo, Ian I",irojo@bpi-gruposantander.com,A,"Oliveros, Jose Manuel","Rojo, Ian I","7/28/26, 9:29 AM","7/28/26, 9:29 AM",,,,100046302
Approved,,SOX BSI - Non Person,Entitlement Owner Access Review for SOX BSI - Non Person,"2026 Q2 PAM BSI SOX Entitlement Owner Certification[7/23/26, 10:25:07 AM EDT]","2026 Q2, BSI, PAM, SOX",100046302,"Rojo, Ian I",,False,No,No,MIASOLAR,Account Removed,Entitlement Owner,Entitlement,MIASOLAR HAS PRIVILEGED ACCES TO SOX APPLICATION RECONXPERT WITHIN LOCAL GROUP ADMINISTRATORS ON SERVER:MIA-DC-APP02 THROUGH BSI_US DOMAIN GROUP DOMAIN ADMINS.,,"Rojo, Ian I",irojo@bpi-gruposantander.com,A,"Oliveros, Jose Manuel","Rojo, Ian I","7/28/26, 9:29 AM","7/28/26, 9:29 AM",,,,100046302
Approved,,SOX BSI - Non Person,Entitlement Owner Access Review for SOX BSI - Non Person,"2026 Q2 PAM BSI SOX Entitlement Owner Certification[7/23/26, 10:25:07 AM EDT]","2026 Q2, BSI, PAM, SOX",100046302,"Rojo, Ian I",,False,No,No,MIASOLAR,Account Removed,Entitlement Owner,Entitlement,MIASOLAR HAS PRIVILEGED ACCES TO SOX APPLICATION RECONXPERT WITHIN LOCAL GROUP ADMINISTRATORS ON SERVER:MIA-DC-SQL3 THROUGH BSI_US DOMAIN GROUP DOMAIN ADMINS.,,"Rojo, Ian I",irojo@bpi-gruposantander.com,A,"Oliveros, Jose Manuel","Rojo, Ian I","7/28/26, 9:29 AM","7/28/26, 9:29 AM",,,,100046302
Approved,,SOX BSI - Non Person,Entitlement Owner Access Review for SOX BSI - Non Person,"2026 Q2 PAM BSI SOX Entitlement Owner Certification[7/23/26, 10:25:07 AM EDT]","2026 Q2, BSI, PAM, SOX",100046302,"Rojo, Ian I",,False,No,No,MIAECO,Account Removed,Entitlement Owner,Entitlement,MIAECO has privileged (Schema Owner) access to ECO/eBanking Server:MIA-DC-PHOEBE Instance:PHOECDB DB:PHOECDB through role SCHEMA OWNER.,,"Rojo, Ian I",irojo@bpi-gruposantander.com,A,"Oliveros, Jose Manuel","Rojo, Ian I","7/28/26, 9:29 AM","7/28/26, 9:29 AM",,,,100046302
Approved,,SOX BSI - Non Person,Entitlement Owner Access Review for SOX BSI - Non Person,"2026 Q2 PAM BSI SOX Entitlement Owner Certification[7/23/26, 10:25:07 AM EDT]","2026 Q2, BSI, PAM, SOX",100046302,"Rojo, Ian I",,False,No,No,MIAECO,Account Removed,Entitlement Owner,Entitlement,MIAECO has privileged (DB Permission) access to ECO/eBanking Server:MIA-DC-PHOEBE Instance:PHOECDB DB:PHOECDB through role SQLT_USER_ROLE.,,"Rojo, Ian I",irojo@bpi-gruposantander.com,A,"Oliveros, Jose Manuel","Rojo, Ian I","7/28/26, 9:29 AM","7/28/26, 9:29 AM",,,,100046302
Approved,,SOX BSI - Non Person,Entitlement Owner Access Review for SOX BSI - Non Person,"2026 Q2 PAM BSI SOX Entitlement Owner Certification[7/23/26, 10:25:07 AM EDT]","2026 Q2, BSI, PAM, SOX",100046302,"Rojo, Ian I",,False,No,No,MIAECO,Account Removed,Entitlement Owner,Entitlement,MIAECO has privileged (Instance Permission) access to ECO/eBanking Server:MIA-DC-PHOEBE Instance:PHOECDB DB:PHOECDB.,,"Rojo, Ian I",irojo@bpi-gruposantander.com,A,"Oliveros, Jose Manuel","Rojo, Ian I","7/28/26, 9:29 AM","7/28/26, 9:29 AM",,,,100046302
Approved,,SOX BSI - Non Person,Entitlement Owner Access Review for SOX BSI - Non Person,"2026 Q2 PAM BSI SOX Entitlement Owner Certification[7/23/26, 10:25:07 AM EDT]","2026 Q2, BSI, PAM, SOX",100046302,"Rojo, Ian I",,False,No,No,AUDSYS,Account Removed,Entitlement Owner,Entitlement,AUDSYS has privileged (Schema Owner) access to ECO/eBanking Server:MIA-DC-PHOEBE Instance:PHOECDB DB:PHOECDB through role SCHEMA OWNER.,,"Rojo, Ian I",irojo@bpi-gruposantander.com,A,"Oliveros, Jose Manuel","Rojo, Ian I","7/28/26, 6:36 AM","7/28/26, 9:29 AM",,,,100046302
Approved,,SOX BSI - Non Person,Entitlement Owner Access Review for SOX BSI - Non Person,"2026 Q2 PAM BSI SOX Entitlement Owner Certification[7/23/26, 10:25:07 AM EDT]","2026 Q2, BSI, PAM, SOX",100046302,"Rojo, Ian I",,False,No,No,AUDSYS,Account Removed,Entitlement Owner,Entitlement,AUDSYS has privileged (DB Permission) access to ECO/eBanking Server:MIA-DC-PHOEBE Instance:PHOECDB DB:PHOECDB.,,"Rojo, Ian I",irojo@bpi-gruposantander.com,A,"Oliveros, Jose Manuel","Rojo, Ian I","7/28/26, 6:36 AM","7/28/26, 9:29 AM",,,,100046302
Approved,,SOX BSI - Non Person,Entitlement Owner Access Review for SOX BSI - Non Person,"2026 Q2 PAM BSI SOX Entitlement Owner Certification[7/23/26, 10:25:07 AM EDT]","2026 Q2, BSI, PAM, SOX",100046302,"Rojo, Ian I",,False,No,No,PRD_OIF,Account Removed,Entitlement Owner,Entitlement,PRD_OIF has privileged (DB Role) access to ECO/eBanking Server:MIA-DC-PHOEBE Instance:PHOECDB DB:PHOECDB through role RESOURCE.,,"Rojo, Ian I",irojo@bpi-gruposantander.com,A,"Oliveros, Jose Manuel","Rojo, Ian I","7/28/26, 9:29 AM","7/28/26, 9:29 AM",,,,100046302
Approved,,SOX BSI - Non Person,Entitlement Owner Access Review for SOX BSI - Non Person,"2026 Q2 PAM BSI SOX Entitlement Owner Certification[7/23/26, 10:25:07 AM EDT]","2026 Q2, BSI, PAM, SOX",100046302,"Rojo, Ian I",,False,No,No,PRD_OIF,Account Removed,Entitlement Owner,Entitlement,PRD_OIF has privileged (Schema Owner) access to ECO/eBanking Server:MIA-DC-PHOEBE Instance:PHOECDB DB:PHOECDB through role SCHEMA OWNER.,,"Rojo, Ian I",irojo@bpi-gruposantander.com,A,"Oliveros, Jose Manuel","Rojo, Ian I","7/28/26, 9:29 AM","7/28/26, 9:29 AM",,,,100046302
Approved,,SOX BSI - Non Person,Entitlement Owner Access Review for SOX BSI - Non Person,"2026 Q2 PAM BSI SOX Entitlement Owner Certification[7/23/26, 10:25:07 AM EDT]","2026 Q2, BSI, PAM, SOX",100046302,"Rojo, Ian I",,False,No,No,SYS,Account Removed,Entitlement Owner,Entitlement,SYS has privileged (DB Permission) access to ECO/eBanking Server:MIA-DC-PHOEBE Instance:PHOECDB DB:PHOECDB through role DBA.,,"Rojo, Ian I",irojo@bpi-gruposantander.com,A,"Oliveros, Jose Manuel","Rojo, Ian I","7/28/26, 9:29 AM","7/28/26, 9:29 AM",,,,100046302
Approved,,SOX BSI - Non Person,Entitlement Owner Access Review for SOX BSI - Non Person,"2026 Q2 PAM BSI SOX Entitlement Owner Certification[7/23/26, 10:25:07 AM EDT]","2026 Q2, BSI, PAM, SOX",100046302,"Rojo, Ian I",,False,No,No,SYS,Account Removed,Entitlement Owner,Entitlement,SYS has privileged (DB Permission) access to ECO/eBanking Server:MIA-DC-PHOEBE Instance:PHOECDB DB:PHOECDB through role DATAPATCH_ROLE.,,"Rojo, Ian I",irojo@bpi-gruposantander.com,A,"Oliveros, Jose Manuel","Rojo, Ian I","7/28/26, 9:29 AM","7/28/26, 9:29 AM",,,,100046302
Approved,,SOX BSI - Non Person,Entitlement Owner Access Review for SOX BSI - Non Person,"2026 Q2 PAM BSI SOX Entitlement Owner Certification[7/23/26, 10:25:07 AM EDT]","2026 Q2, BSI, PAM, SOX",100046302,"Rojo, Ian I",,False,No,No,SYS,Account Removed,Entitlement Owner,Entitlement,SYS has privileged (DB Permission) access to ECO/eBanking Server:MIA-DC-PHOEBE Instance:PHOECDB DB:PHOECDB through role DATAPUMP_EXP_FULL_DATABASE.,,"Rojo, Ian I",irojo@bpi-gruposantander.com,A,"Oliveros, Jose Manuel","Rojo, Ian I","7/28/26, 9:29 AM","7/28/26, 9:29 AM",,,,100046302
Approved,,SOX BSI - Non Person,Entitlement Owner Access Review for SOX BSI - Non Person,"2026 Q2 PAM BSI SOX Entitlement Owner Certification[7/23/26, 10:25:07 AM EDT]","2026 Q2, BSI, PAM, SOX",100046302,"Rojo, Ian I",,False,No,No,SYS,Account Removed,Entitlement Owner,Entitlement,SYS has privileged (DB Permission) access to ECO/eBanking Server:MIA-DC-PHOEBE Instance:PHOECDB DB:PHOECDB through role DATAPUMP_IMP_FULL_DATABASE.,,"Rojo, Ian I",irojo@bpi-gruposantander.com,A,"Oliveros, Jose Manuel","Rojo, Ian I","7/28/26, 9:29 AM","7/28/26, 9:29 AM",,,,100046302
Approved,,SOX BSI - Non Person,Entitlement Owner Access Review for SOX BSI - Non Person,"2026 Q2 PAM BSI SOX Entitlement Owner Certification[7/23/26, 10:25:07 AM EDT]","2026 Q2, BSI, PAM, SOX",100046302,"Rojo, Ian I",,False,No,No,SYS,Account Removed,Entitlement Owner,Entitlement,SYS has privileged (DB Role) access to ECO/eBanking Server:MIA-DC-PHOEBE Instance:PHOECDB DB:PHOECDB through role DELETE_CATALOG_ROLE.,,"Rojo, Ian I",irojo@bpi-gruposantander.com,A,"Oliveros, Jose Manuel","Rojo, Ian I","7/28/26, 9:29 AM","7/28/26, 9:29 AM",,,,100046302
Approved,,SOX BSI - Non Person,Entitlement Owner Access Review for SOX BSI - Non Person,"2026 Q2 PAM BSI SOX Entitlement Owner Certification[7/23/26, 10:25:07 AM EDT]","2026 Q2, BSI, PAM, SOX",100046302,"Rojo, Ian I",,False,No,No,SYS,Account Removed,Entitlement Owner,Entitlement,SYS has privileged (Instance Permission) access to ECO/eBanking Server:MIA-DC-PHOEBE Instance:PHOECDB DB:PHOECDB through role DV_REALM_OWNER.,,"Rojo, Ian I",irojo@bpi-gruposantander.com,A,"Oliveros, Jose Manuel","Rojo, Ian I","7/28/26, 9:29 AM","7/28/26, 9:29 AM",,,,100046302
Approved,,SOX BSI - Non Person,Entitlement Owner Access Review for SOX BSI - Non Person,"2026 Q2 PAM BSI SOX Entitlement Owner Certification[7/23/26, 10:25:07 AM EDT]","2026 Q2, BSI, PAM, SOX",100046302,"Rojo, Ian I",,False,No,No,SYS,Account Removed,Entitlement Owner,Entitlement,SYS has privileged (DB Role) access to ECO/eBanking Server:MIA-DC-PHOEBE Instance:PHOECDB DB:PHOECDB through role EM_EXPRESS_ALL.,,"Rojo, Ian I",irojo@bpi-gruposantander.com,A,"Oliveros, Jose Manuel","Rojo, Ian I","7/28/26, 9:29 AM","7/28/26, 9:29 AM",,,,100046302
Approved,,SOX BSI - Non Person,Entitlement Owner Access Review for SOX BSI - Non Person,"2026 Q2 PAM BSI SOX Entitlement Owner Certification[7/23/26, 10:25:07 AM EDT]","2026 Q2, BSI, PAM, SOX",100046302,"Rojo, Ian I",,False,No,No,SYS,Account Removed,Entitlement Owner,Entitlement,SYS has privileged (DB Role) access to ECO/eBanking Server:MIA-DC-PHOEBE Instance:PHOECDB DB:PHOECDB through role EM_EXPRESS_BASIC.,,"Rojo, Ian I",irojo@bpi-gruposantander.com,A,"Oliveros, Jose Manuel","Rojo, Ian I","7/28/26, 9:29 AM","7/28/26, 9:29 AM",,,,100046302
Approved,,SOX BSI - Non Person,Entitlement Owner Access Review for SOX BSI - Non Person,"2026 Q2 PAM BSI SOX Entitlement Owner Certification[7/23/26, 10:25:07 AM EDT]","2026 Q2, BSI, PAM, SOX",100046302,"Rojo, Ian I",,False,No,No,SYS,Account Removed,Entitlement Owner,Entitlement,SYS has privileged (DB Permission) access to ECO/eBanking Server:MIA-DC-PHOEBE Instance:PHOECDB DB:PHOECDB through role EXECUTE_CATALOG_ROLE.,,"Rojo, Ian I",irojo@bpi-gruposantander.com,A,"Oliveros, Jose Manuel","Rojo, Ian I","7/28/26, 9:29 AM","7/28/26, 9:29 AM",,,,100046302
Approved,,SOX BSI - Non Person,Entitlement Owner Access Review for SOX BSI - Non Person,"2026 Q2 PAM BSI SOX Entitlement Owner Certification[7/23/26, 10:25:07 AM EDT]","2026 Q2, BSI, PAM, SOX",100046302,"Rojo, Ian I",,False,No,No,SYS,Account Removed,Entitlement Owner,Entitlement,SYS has privileged (DB Permission) access to ECO/eBanking Server:MIA-DC-PHOEBE Instance:PHOECDB DB:PHOECDB through role EXP_FULL_DATABASE.,,"Rojo, Ian I",irojo@bpi-gruposantander.com,A,"Oliveros, Jose Manuel","Rojo, Ian I","7/28/26, 9:29 AM","7/28/26, 9:29 AM",,,,100046302
Approved,,SOX BSI - Non Person,Entitlement Owner Access Review for SOX BSI - Non Person,"2026 Q2 PAM BSI SOX Entitlement Owner Certification[7/23/26, 10:25:07 AM EDT]","2026 Q2, BSI, PAM, SOX",100046302,"Rojo, Ian I",,False,No,No,SYS,Account Removed,Entitlement Owner,Entitlement,SYS has privileged (DB Permission) access to ECO/eBanking Server:MIA-DC-PHOEBE Instance:PHOECDB DB:PHOECDB through role GATHER_SYSTEM_STATISTICS.,,"Rojo, Ian I",irojo@bpi-gruposantander.com,A,"Oliveros, Jose Manuel","Rojo, Ian I","7/28/26, 9:29 AM","7/28/26, 9:29 AM",,,,100046302
Approved,,SOX BSI - Non Person,Entitlement Owner Access Review for SOX BSI - Non Person,"2026 Q2 PAM BSI SOX Entitlement Owner Certification[7/23/26, 10:25:07 AM EDT]","2026 Q2, BSI, PAM, SOX",100046302,"Rojo, Ian I",,False,No,No,SYS,Account Removed,Entitlement Owner,Entitlement,SYS has privileged (DB Permission) access to ECO/eBanking Server:MIA-DC-PHOEBE Instance:PHOECDB DB:PHOECDB through role GSM_POOLADMIN_ROLE.,,"Rojo, Ian I",irojo@bpi-gruposantander.com,A,"Oliveros, Jose Manuel","Rojo, Ian I","7/28/26, 9:29 AM","7/28/26, 9:29 AM",,,,100046302
Approved,,SOX BSI - Non Person,Entitlement Owner Access Review for SOX BSI - Non Person,"2026 Q2 PAM BSI SOX Entitlement Owner Certification[7/23/26, 10:25:07 AM EDT]","2026 Q2, BSI, PAM, SOX",100046302,"Rojo, Ian I",,False,No,No,SYS,Account Removed,Entitlement Owner,Entitlement,SYS has privileged (DB Permission) access to ECO/eBanking Server:MIA-DC-PHOEBE Instance:PHOECDB DB:PHOECDB through role GSMADMIN_ROLE.,,"Rojo, Ian I",irojo@bpi-gruposantander.com,A,"Oliveros, Jose Manuel","Rojo, Ian I","7/28/26, 9:29 AM","7/28/26, 9:29 AM",,,,100046302
Approved,,SOX BSI - Non Person,Entitlement Owner Access Review for SOX BSI - Non Person,"2026 Q2 PAM BSI SOX Entitlement Owner Certification[7/23/26, 10:25:07 AM EDT]","2026 Q2, BSI, PAM, SOX",100046302,"Rojo, Ian I",,False,No,No,SYS,Account Removed,Entitlement Owner,Entitlement,SYS has privileged (DB Permission) access to ECO/eBanking Server:MIA-DC-PHOEBE Instance:PHOECDB DB:PHOECDB through role IMP_FULL_DATABASE.,,"Rojo, Ian I",irojo@bpi-gruposantander.com,A,"Oliveros, Jose Manuel","Rojo, Ian I","7/28/26, 9:29 AM","7/28/26, 9:29 AM",,,,100046302
Approved,,SOX BSI - Non Person,Entitlement Owner Access Review for SOX BSI - Non Person,"2026 Q2 PAM BSI SOX Entitlement Owner Certification[7/23/26, 10:25:07 AM EDT]","2026 Q2, BSI, PAM, SOX",100046302,"Rojo, Ian I",,False,No,No,SYS,Account Removed,Entitlement Owner,Entitlement,SYS has privileged (DB Role) access to ECO/eBanking Server:MIA-DC-PHOEBE Instance:PHOECDB DB:PHOECDB through role LOGSTDBY_ADMINISTRATOR.,,"Rojo, Ian I",irojo@bpi-gruposantander.com,A,"Oliveros, Jose Manuel","Rojo, Ian I","7/28/26, 9:29 AM","7/28/26, 9:29 AM",,,,100046302
Approved,,SOX BSI - Non Person,Entitlement Owner Access Review for SOX BSI - Non Person,"2026 Q2 PAM BSI SOX Entitlement Owner Certification[7/23/26, 10:25:07 AM EDT]","2026 Q2, BSI, PAM, SOX",100046302,"Rojo, Ian I",,False,No,No,SYS,Account Removed,Entitlement Owner,Entitlement,SYS has privileged (DB Role) access to ECO/eBanking Server:MIA-DC-PHOEBE Instance:PHOECDB DB:PHOECDB through role OEM_MONITOR.,,"Rojo, Ian I",irojo@bpi-gruposantander.com,A,"Oliveros, Jose Manuel","Rojo, Ian I","7/28/26, 9:29 AM","7/28/26, 9:29 AM",,,,100046302
Approved,,SOX BSI - Non Person,Entitlement Owner Access Review for SOX BSI - Non Person,"2026 Q2 PAM BSI SOX Entitlement Owner Certification[7/23/26, 10:25:07 AM EDT]","2026 Q2, BSI, PAM, SOX",100046302,"Rojo, Ian I",,False,No,No,SYS,Account Removed,Entitlement Owner,Entitlement,SYS has privileged (DB Permission) access to ECO/eBanking Server:MIA-DC-PHOEBE Instance:PHOECDB DB:PHOECDB through role OLAP_DBA.,,"Rojo, Ian I",irojo@bpi-gruposantander.com,A,"Oliveros, Jose Manuel","Rojo, Ian I","7/28/26, 9:29 AM","7/28/26, 9:29 AM",,,,100046302
Approved,,SOX BSI - Non Person,Entitlement Owner Access Review for SOX BSI - Non Person,"2026 Q2 PAM BSI SOX Entitlement Owner Certification[7/23/26, 10:25:07 AM EDT]","2026 Q2, BSI, PAM, SOX",100046302,"Rojo, Ian I",,False,No,No,SYS,Account Removed,Entitlement Owner,Entitlement,SYS has privileged (DB Permission) access to ECO/eBanking Server:MIA-DC-PHOEBE Instance:PHOECDB DB:PHOECDB through role OLAP_USER.,,"Rojo, Ian I",irojo@bpi-gruposantander.com,A,"Oliveros, Jose Manuel","Rojo, Ian I","7/28/26, 9:29 AM","7/28/26, 9:29 AM",,,,100046302
Approved,,SOX BSI - Non Person,Entitlement Owner Access Review for SOX BSI - Non Person,"2026 Q2 PAM BSI SOX Entitlement Owner Certification[7/23/26, 10:25:07 AM EDT]","2026 Q2, BSI, PAM, SOX",100046302,"Rojo, Ian I",,False,No,No,SYS,Account Removed,Entitlement Owner,Entitlement,SYS has privileged (DB Permission) access to ECO/eBanking Server:MIA-DC-PHOEBE Instance:PHOECDB DB:PHOECDB through role OPTIMIZER_PROCESSING_RATE.,,"Rojo, Ian I",irojo@bpi-gruposantander.com,A,"Oliveros, Jose Manuel","Rojo, Ian I","7/28/26, 9:29 AM","7/28/26, 9:29 AM",,,,100046302
Approved,,SOX BSI - Non Person,Entitlement Owner Access Review for SOX BSI - Non Person,"2026 Q2 PAM BSI SOX Entitlement Owner Certification[7/23/26, 10:25:07 AM EDT]","2026 Q2, BSI, PAM, SOX",100046302,"Rojo, Ian I",,False,No,No,SYS,Account Removed,Entitlement Owner,Entitlement,SYS has privileged (DB Role) access to ECO/eBanking Server:MIA-DC-PHOEBE Instance:PHOECDB DB:PHOECDB through role RESOURCE.,,"Rojo, Ian I",irojo@bpi-gruposantander.com,A,"Oliveros, Jose Manuel","Rojo, Ian I","7/28/26, 9:29 AM","7/28/26, 9:29 AM",,,,100046302
Approved,,SOX BSI - Non Person,Entitlement Owner Access Review for SOX BSI - Non Person,"2026 Q2 PAM BSI SOX Entitlement Owner Certification[7/23/26, 10:25:07 AM EDT]","2026 Q2, BSI, PAM, SOX",100046302,"Rojo, Ian I",,False,No,No,SYS,Account Removed,Entitlement Owner,Entitlement,SYS has privileged (Instance Permission) access to ECO/eBanking Server:MIA-DC-PHOEBE Instance:PHOECDB DB:PHOECDB through role SAILCYBER_ROLE.,,"Rojo, Ian I",irojo@bpi-gruposantander.com,A,"Oliveros, Jose Manuel","Rojo, Ian I","7/28/26, 9:29 AM","7/28/26, 9:29 AM",,,,100046302
Approved,,SOX BSI - Non Person,Entitlement Owner Access Review for SOX BSI - Non Person,"2026 Q2 PAM BSI SOX Entitlement Owner Certification[7/23/26, 10:25:07 AM EDT]","2026 Q2, BSI, PAM, SOX",100046302,"Rojo, Ian I",,False,No,No,SYS,Account Removed,Entitlement Owner,Entitlement,SYS has privileged (Schema Owner) access to ECO/eBanking Server:MIA-DC-PHOEBE Instance:PHOECDB DB:PHOECDB through role SCHEMA OWNER.,,"Rojo, Ian I",irojo@bpi-gruposantander.com,A,"Oliveros, Jose Manuel","Rojo, Ian I","7/28/26, 9:29 AM","7/28/26, 9:29 AM",,,,100046302
Approved,,SOX BSI - Non Person,Entitlement Owner Access Review for SOX BSI - Non Person,"2026 Q2 PAM BSI SOX Entitlement Owner Certification[7/23/26, 10:25:07 AM EDT]","2026 Q2, BSI, PAM, SOX",100046302,"Rojo, Ian I",,False,No,No,SYS,Account Removed,Entitlement Owner,Entitlement,SYS has privileged (DB Role) access to ECO/eBanking Server:MIA-DC-PHOEBE Instance:PHOECDB DB:PHOECDB through role SELECT_CATALOG_ROLE.,,"Rojo, Ian I",irojo@bpi-gruposantander.com,A,"Oliveros, Jose Manuel","Rojo, Ian I","7/28/26, 9:29 AM","7/28/26, 9:29 AM",,,,100046302
Approved,,SOX BSI - Non Person,Entitlement Owner Access Review for SOX BSI - Non Person,"2026 Q2 PAM BSI SOX Entitlement Owner Certification[7/23/26, 10:25:07 AM EDT]","2026 Q2, BSI, PAM, SOX",100046302,"Rojo, Ian I",,False,No,No,SYS,Account Removed,Entitlement Owner,Entitlement,SYS has privileged (DB Permission) access to ECO/eBanking Server:MIA-DC-PHOEBE Instance:PHOECDB DB:PHOECDB through role SQLT_USER_ROLE.,,"Rojo, Ian I",irojo@bpi-gruposantander.com,A,"Oliveros, Jose Manuel","Rojo, Ian I","7/28/26, 9:29 AM","7/28/26, 9:29 AM",,,,100046302
Approved,,SOX BSI - Non Person,Entitlement Owner Access Review for SOX BSI - Non Person,"2026 Q2 PAM BSI SOX Entitlement Owner Certification[7/23/26, 10:25:07 AM EDT]","2026 Q2, BSI, PAM, SOX",100046302,"Rojo, Ian I",,False,No,No,SYS,Account Removed,Entitlement Owner,Entitlement,SYS has privileged (Instance Role) access to ECO/eBanking Server:MIA-DC-PHOEBE Instance:PHOECDB DB:PHOECDB through role SYSDBA.,,"Rojo, Ian I",irojo@bpi-gruposantander.com,A,"Oliveros, Jose Manuel","Rojo, Ian I","7/28/26, 9:29 AM","7/28/26, 9:29 AM",,,,100046302
Approved,,SOX BSI - Non Person,Entitlement Owner Access Review for SOX BSI - Non Person,"2026 Q2 PAM BSI SOX Entitlement Owner Certification[7/23/26, 10:25:07 AM EDT]","2026 Q2, BSI, PAM, SOX",100046302,"Rojo, Ian I",,False,No,No,SYS,Account Removed,Entitlement Owner,Entitlement,SYS has privileged (Instance Role) access to ECO/eBanking Server:MIA-DC-PHOEBE Instance:PHOECDB DB:PHOECDB through role SYSOPER.,,"Rojo, Ian I",irojo@bpi-gruposantander.com,A,"Oliveros, Jose Manuel","Rojo, Ian I","7/28/26, 9:29 AM","7/28/26, 9:29 AM",,,,100046302
Approved,,SOX BSI - Non Person,Entitlement Owner Access Review for SOX BSI - Non Person,"2026 Q2 PAM BSI SOX Entitlement Owner Certification[7/23/26, 10:25:07 AM EDT]","2026 Q2, BSI, PAM, SOX",100046302,"Rojo, Ian I",,False,No,No,SYS,Account Removed,Entitlement Owner,Entitlement,SYS has privileged (DB Permission) access to ECO/eBanking Server:MIA-DC-PHOEBE Instance:PHOECDB DB:PHOECDB through role SYSUMF_ROLE.,,"Rojo, Ian I",irojo@bpi-gruposantander.com,A,"Oliveros, Jose Manuel","Rojo, Ian I","7/28/26, 9:29 AM","7/28/26, 9:29 AM",,,,100046302
Approved,,SOX BSI - Non Person,Entitlement Owner Access Review for SOX BSI - Non Person,"2026 Q2 PAM BSI SOX Entitlement Owner Certification[7/23/26, 10:25:07 AM EDT]","2026 Q2, BSI, PAM, SOX",100046302,"Rojo, Ian I",,False,No,No,SYS,Account Removed,Entitlement Owner,Entitlement,SYS has privileged (DB Permission) access to ECO/eBanking Server:MIA-DC-PHOEBE Instance:PHOECDB DB:PHOECDB through role XDBADMIN.,,"Rojo, Ian I",irojo@bpi-gruposantander.com,A,"Oliveros, Jose Manuel","Rojo, Ian I","7/28/26, 9:29 AM","7/28/26, 9:29 AM",,,,100046302
Approved,,SOX BSI - Non Person,Entitlement Owner Access Review for SOX BSI - Non Person,"2026 Q2 PAM BSI SOX Entitlement Owner Certification[7/23/26, 10:25:07 AM EDT]","2026 Q2, BSI, PAM, SOX",100046302,"Rojo, Ian I",,False,No,No,SYS,Account Removed,Entitlement Owner,Entitlement,SYS has privileged (Instance Permission) access to ECO/eBanking Server:MIA-DC-PHOEBE Instance:PHOECDB DB:PHOECDB.,,"Rojo, Ian I",irojo@bpi-gruposantander.com,A,"Oliveros, Jose Manuel","Rojo, Ian I","7/28/26, 9:29 AM","7/28/26, 9:29 AM",,,,100046302
Approved,,SOX BSI - Non Person,Entitlement Owner Access Review for SOX BSI - Non Person,"2026 Q2 PAM BSI SOX Entitlement Owner Certification[7/23/26, 10:25:07 AM EDT]","2026 Q2, BSI, PAM, SOX",100046302,"Rojo, Ian I",,False,No,No,APPQOSSYS,Account Removed,Entitlement Owner,Entitlement,APPQOSSYS has privileged (Schema Owner) access to ECO/eBanking Server:MIA-DC-PHOEBE Instance:PHOECDB DB:PHOECDB through role SCHEMA OWNER.,,"Rojo, Ian I",irojo@bpi-gruposantander.com,A,"Oliveros, Jose Manuel","Rojo, Ian I","7/28/26, 6:36 AM","7/28/26, 9:29 AM",,,,100046302
Approved,,SOX BSI - Non Person,Entitlement Owner Access Review for SOX BSI - Non Person,"2026 Q2 PAM BSI SOX Entitlement Owner Certification[7/23/26, 10:25:07 AM EDT]","2026 Q2, BSI, PAM, SOX",100046302,"Rojo, Ian I",,False,No,No,OUTLN,Account Removed,Entitlement Owner,Entitlement,OUTLN has privileged (Schema Owner) access to ECO/eBanking Server:MIA-DC-PHOEBE Instance:PHOECDB DB:PHOECDB through role SCHEMA OWNER.,,"Rojo, Ian I",irojo@bpi-gruposantander.com,A,"Oliveros, Jose Manuel","Rojo, Ian I","7/28/26, 9:29 AM","7/28/26, 9:29 AM",,,,100046302
Approved,,SOX BSI - Non Person,Entitlement Owner Access Review for SOX BSI - Non Person,"2026 Q2 PAM BSI SOX Entitlement Owner Certification[7/23/26, 10:25:07 AM EDT]","2026 Q2, BSI, PAM, SOX",100046302,"Rojo, Ian I",,False,No,No,RSACORE_USER,Account Removed,Entitlement Owner,Entitlement,RSACORE_USER has privileged (DB Role) access to ECO/eBanking Server:MIA-DC-PHOEBE Instance:PHOECDB DB:PHOECDB through role RESOURCE.,,"Rojo, Ian I",irojo@bpi-gruposantander.com,A,"Oliveros, Jose Manuel","Rojo, Ian I","7/28/26, 9:29 AM","7/28/26, 9:29 AM",,,,100046302
Approved,,SOX BSI - Non Person,Entitlement Owner Access Review for SOX BSI - Non Person,"2026 Q2 PAM BSI SOX Entitlement Owner Certification[7/23/26, 10:25:07 AM EDT]","2026 Q2, BSI, PAM, SOX",100046302,"Rojo, Ian I",,False,No,No,RSACORE_USER,Account Removed,Entitlement Owner,Entitlement,RSACORE_USER has privileged (DB Permission) access to ECO/eBanking Server:MIA-DC-PHOEBE Instance:PHOECDB DB:PHOECDB.,,"Rojo, Ian I",irojo@bpi-gruposantander.com,A,"Oliveros, Jose Manuel","Rojo, Ian I","7/28/26, 9:29 AM","7/28/26, 9:29 AM",,,,100046302
Approved,,SOX BSI - Non Person,Entitlement Owner Access Review for SOX BSI - Non Person,"2026 Q2 PAM BSI SOX Entitlement Owner Certification[7/23/26, 10:25:07 AM EDT]","2026 Q2, BSI, PAM, SOX",100046302,"Rojo, Ian I",,False,No,No,MIABACKUP,Account Removed,Entitlement Owner,Entitlement,MIABACKUP HAS PRIVILEGED ACCESS TO SOX APPLICATIONS VIA THE MIA.USA.SINVEST ENTERPRISE WIDE DOMAIN GROUP DOMAIN ADMINS,,"Rojo, Ian I",irojo@bpi-gruposantander.com,A,"Oliveros, Jose Manuel","Rojo, Ian I","7/28/26, 9:29 AM","7/28/26, 9:29 AM",,,,100046302
Approved,,SOX BSI - Non Person,Entitlement Owner Access Review for SOX BSI - Non Person,"2026 Q2 PAM BSI SOX Entitlement Owner Certification[7/23/26, 10:25:07 AM EDT]","2026 Q2, BSI, PAM, SOX",100046302,"Rojo, Ian I",,False,No,No,MIABACKUP,Account Removed,Entitlement Owner,Entitlement,MIABACKUP HAS PRIVILEGED ACCESS TO SOX APPLICATIONS VIA THE MIA.USA.SINVEST ENTERPRISE WIDE DOMAIN GROUP ADMINISTRATORS,,"Rojo, Ian I",irojo@bpi-gruposantander.com,A,"Oliveros, Jose Manuel","Rojo, Ian I","7/28/26, 9:29 AM","7/28/26, 9:29 AM",,,,100046302
Approved,,SOX BSI - Non Person,Entitlement Owner Access Review for SOX BSI - Non Person,"2026 Q2 PAM BSI SOX Entitlement Owner Certification[7/23/26, 10:25:07 AM EDT]","2026 Q2, BSI, PAM, SOX",100046302,"Rojo, Ian I",,False,No,No,MIABACKUP,Account Removed,Entitlement Owner,Entitlement,MIABACKUP HAS PRIVILEGED ACCESS TO SOX APPLICATIONS VIA THE MIA.USA.SINVEST ENTERPRISE WIDE DOMAIN GROUP ENTERPRISE ADMINS,,"Rojo, Ian I",irojo@bpi-gruposantander.com,A,"Oliveros, Jose Manuel","Rojo, Ian I","7/28/26, 9:29 AM","7/28/26, 9:29 AM",,,,100046302
Approved,,SOX BSI - Non Person,Entitlement Owner Access Review for SOX BSI - Non Person,"2026 Q2 PAM BSI SOX Entitlement Owner Certification[7/23/26, 10:25:07 AM EDT]","2026 Q2, BSI, PAM, SOX",100046302,"Rojo, Ian I",,False,No,No,MIABACKUP,Account Removed,Entitlement Owner,Entitlement,MIABACKUP HAS PRIVILEGED ACCESS TO SOX APPLICATIONS VIA THE MIA.USA.SINVEST ENTERPRISE WIDE DOMAIN GROUP BACKUP OPERATORS,,"Rojo, Ian I",irojo@bpi-gruposantander.com,A,"Oliveros, Jose Manuel","Rojo, Ian I","7/28/26, 9:29 AM","7/28/26, 9:29 AM",,,,100046302
Approved,,SOX BSI - Non Person,Entitlement Owner Access Review for SOX BSI - Non Person,"2026 Q2 PAM BSI SOX Entitlement Owner Certification[7/23/26, 10:25:07 AM EDT]","2026 Q2, BSI, PAM, SOX",100046302,"Rojo, Ian I",,False,No,No,MIABACKUP,Account Removed,Entitlement Owner,Entitlement,MIABACKUP HAS PRIVILEGED ACCESS TO SOX APPLICATIONS VIA THE MIA.USA.SINVEST ENTERPRISE WIDE DOMAIN GROUP VSPHERE ADMINISTRATORS,,"Rojo, Ian I",irojo@bpi-gruposantander.com,A,"Oliveros, Jose Manuel","Rojo, Ian I","7/28/26, 9:29 AM","7/28/26, 9:29 AM",,,,100046302
Approved,,SOX BSI - Non Person,Entitlement Owner Access Review for SOX BSI - Non Person,"2026 Q2 PAM BSI SOX Entitlement Owner Certification[7/23/26, 10:25:07 AM EDT]","2026 Q2, BSI, PAM, SOX",100046302,"Rojo, Ian I",,False,No,No,MIABACKUP,Account Removed,Entitlement Owner,Entitlement,MIABACKUP HAS PRIVILEGED ACCES TO SOX APPLICATION RECONXPERT WITHIN LOCAL GROUP ADMINISTRATORS ON SERVER:MIA-DC-APP02 THROUGH BSI_US DOMAIN GROUP DOMAIN ADMINS.,,"Rojo, Ian I",irojo@bpi-gruposantander.com,A,"Oliveros, Jose Manuel","Rojo, Ian I","7/28/26, 9:29 AM","7/28/26, 9:29 AM",,,,100046302
Approved,,SOX BSI - Non Person,Entitlement Owner Access Review for SOX BSI - Non Person,"2026 Q2 PAM BSI SOX Entitlement Owner Certification[7/23/26, 10:25:07 AM EDT]","2026 Q2, BSI, PAM, SOX",100046302,"Rojo, Ian I",,False,No,No,MIABACKUP,Account Removed,Entitlement Owner,Entitlement,MIABACKUP HAS PRIVILEGED ACCES TO SOX APPLICATION RECONXPERT WITHIN LOCAL GROUP ADMINISTRATORS ON SERVER:MIA-DC-SQL3 THROUGH BSI_US DOMAIN GROUP DOMAIN ADMINS.,,"Rojo, Ian I",irojo@bpi-gruposantander.com,A,"Oliveros, Jose Manuel","Rojo, Ian I","7/28/26, 9:29 AM","7/28/26, 9:29 AM",,,,100046302
Approved,,SOX BSI - Non Person,Entitlement Owner Access Review for SOX BSI - Non Person,"2026 Q2 PAM BSI SOX Entitlement Owner Certification[7/23/26, 10:25:07 AM EDT]","2026 Q2, BSI, PAM, SOX",100046302,"Rojo, Ian I",,False,No,No,DBSFWUSER,Account Removed,Entitlement Owner,Entitlement,DBSFWUSER has privileged (Schema Owner) access to ECO/eBanking Server:MIA-DC-PHOEBE Instance:PHOECDB DB:PHOECDB through role SCHEMA OWNER.,,"Rojo, Ian I",irojo@bpi-gruposantander.com,A,"Oliveros, Jose Manuel","Rojo, Ian I","7/28/26, 9:29 AM","7/28/26, 9:29 AM",,,,100046302
Approved,,SOX BSI - Non Person,Entitlement Owner Access Review for SOX BSI - Non Person,"2026 Q2 PAM BSI SOX Entitlement Owner Certification[7/23/26, 10:25:07 AM EDT]","2026 Q2, BSI, PAM, SOX",100046297,"Borges, Dayam",,False,No,No,MIAVARONIS,Account Removed,Entitlement Owner,Entitlement,MIAVARONIS HAS PRIVILEGED ACCES TO SOX APPLICATION RECONXPERT WITHIN LOCAL GROUP ADMINISTRATORS ON SERVER:MIA-DC-APP02 THROUGH BSI_US DOMAIN GROUP DOMAIN ADMINS.,,"Rojo, Ian I",irojo@bpi-gruposantander.com,A,"Oliveros, Jose Manuel","Rojo, Ian I","7/28/26, 9:29 AM","7/28/26, 9:29 AM",,,,100046302
Approved,,SOX BSI - Non Person,Entitlement Owner Access Review for SOX BSI - Non Person,"2026 Q2 PAM BSI SOX Entitlement Owner Certification[7/23/26, 10:25:07 AM EDT]","2026 Q2, BSI, PAM, SOX",100046297,"Borges, Dayam",,False,No,No,MIAVARONIS,Account Removed,Entitlement Owner,Entitlement,MIAVARONIS HAS PRIVILEGED ACCES TO SOX APPLICATION RECONXPERT WITHIN LOCAL GROUP ADMINISTRATORS ON SERVER:MIA-DC-SQL3 THROUGH BSI_US DOMAIN GROUP DOMAIN ADMINS.,,"Rojo, Ian I",irojo@bpi-gruposantander.com,A,"Oliveros, Jose Manuel","Rojo, Ian I","7/28/26, 9:29 AM","7/28/26, 9:29 AM",,,,100046302
Approved,,SOX BSI - Non Person,Entitlement Owner Access Review for SOX BSI - Non Person,"2026 Q2 PAM BSI SOX Entitlement Owner Certification[7/23/26, 10:25:07 AM EDT]","2026 Q2, BSI, PAM, SOX",100046302,"Rojo, Ian I",,False,No,No,SYSBACKUP,Account Removed,Entitlement Owner,Entitlement,SYSBACKUP has privileged (DB Role) access to ECO/eBanking Server:MIA-DC-PHOEBE Instance:PHOECDB DB:PHOECDB through role SELECT_CATALOG_ROLE.,,"Rojo, Ian I",irojo@bpi-gruposantander.com,A,"Oliveros, Jose Manuel","Rojo, Ian I","7/28/26, 9:29 AM","7/28/26, 9:29 AM",,,,100046302
Approved,,SOX BSI - Non Person,Entitlement Owner Access Review for SOX BSI - Non Person,"2026 Q2 PAM BSI SOX Entitlement Owner Certification[7/23/26, 10:25:07 AM EDT]","2026 Q2, BSI, PAM, SOX",100046302,"Rojo, Ian I",,False,No,No,SYSBACKUP,Account Removed,Entitlement Owner,Entitlement,SYSBACKUP has privileged (DB Permission) access to ECO/eBanking Server:MIA-DC-PHOEBE Instance:PHOECDB DB:PHOECDB.,,"Rojo, Ian I",irojo@bpi-gruposantander.com,A,"Oliveros, Jose Manuel","Rojo, Ian I","7/28/26, 9:29 AM","7/28/26, 9:29 AM",,,,100046302
Approved,,SOX BSI - Non Person,Entitlement Owner Access Review for SOX BSI - Non Person,"2026 Q2 PAM BSI SOX Entitlement Owner Certification[7/23/26, 10:25:07 AM EDT]","2026 Q2, BSI, PAM, SOX",100046302,"Rojo, Ian I",,False,No,No,SYSBACKUP,Account Removed,Entitlement Owner,Entitlement,SYSBACKUP has privileged (Instance Permission) access to ECO/eBanking Server:MIA-DC-PHOEBE Instance:PHOECDB DB:PHOECDB.,,"Rojo, Ian I",irojo@bpi-gruposantander.com,A,"Oliveros, Jose Manuel","Rojo, Ian I","7/28/26, 9:29 AM","7/28/26, 9:29 AM",,,,100046302
Approved,,SOX BSI - Non Person,Entitlement Owner Access Review for SOX BSI - Non Person,"2026 Q2 PAM BSI SOX Entitlement Owner Certification[7/23/26, 10:25:07 AM EDT]","2026 Q2, BSI, PAM, SOX",100045930,"Oliveros, Jose Manuel",,False,No,No,NETWRIX,Account Removed,Entitlement Owner,Entitlement,NETWRIX HAS PRIVILEGED ACCES TO SOX APPLICATION RECONXPERT WITHIN LOCAL GROUP ADMINISTRATORS ON SERVER:MIA-DC-APP02 THROUGH BSI_US DOMAIN GROUP DOMAIN ADMINS.,,"Rojo, Ian I",irojo@bpi-gruposantander.com,A,"Bermudez Valdes, Luis","Rojo, Ian I","7/28/26, 9:29 AM","7/28/26, 9:29 AM",,,,100046302
Approved,,SOX BSI - Non Person,Entitlement Owner Access Review for SOX BSI - Non Person,"2026 Q2 PAM BSI SOX Entitlement Owner Certification[7/23/26, 10:25:07 AM EDT]","2026 Q2, BSI, PAM, SOX",100046302,"Rojo, Ian I",,False,No,No,GSMCATUSER,Account Removed,Entitlement Owner,Entitlement,GSMCATUSER has privileged (DB Permission) access to ECO/eBanking Server:MIA-DC-PHOEBE Instance:PHOECDB DB:PHOECDB through role GSM_POOLADMIN_ROLE.,,"Rojo, Ian I",irojo@bpi-gruposantander.com,A,"Oliveros, Jose Manuel","Rojo, Ian I","7/28/26, 9:29 AM","7/28/26, 9:29 AM",,,,100046302
Approved,,SOX BSI - Non Person,Entitlement Owner Access Review for SOX BSI - Non Person,"2026 Q2 PAM BSI SOX Entitlement Owner Certification[7/23/26, 10:25:07 AM EDT]","2026 Q2, BSI, PAM, SOX",100046302,"Rojo, Ian I",,False,No,No,GSMCATUSER,Account Removed,Entitlement Owner,Entitlement,GSMCATUSER has privileged (DB Permission) access to ECO/eBanking Server:MIA-DC-PHOEBE Instance:PHOECDB DB:PHOECDB through role GSMADMIN_ROLE.,,"Rojo, Ian I",irojo@bpi-gruposantander.com,A,"Oliveros, Jose Manuel","Rojo, Ian I","7/28/26, 9:29 AM","7/28/26, 9:29 AM",,,,100046302
Approved,,SOX BSI - Non Person,Entitlement Owner Access Review for SOX BSI - Non Person,"2026 Q2 PAM BSI SOX Entitlement Owner Certification[7/23/26, 10:25:07 AM EDT]","2026 Q2, BSI, PAM, SOX",100046302,"Rojo, Ian I",,False,No,No,GSMCATUSER,Account Removed,Entitlement Owner,Entitlement,GSMCATUSER has privileged (DB Permission) access to ECO/eBanking Server:MIA-DC-PHOEBE Instance:PHOECDB DB:PHOECDB.,,"Rojo, Ian I",irojo@bpi-gruposantander.com,A,"Oliveros, Jose Manuel","Rojo, Ian I","7/28/26, 9:29 AM","7/28/26, 9:29 AM",,,,100046302
Approved,,SOX BSI - Non Person,Entitlement Owner Access Review for SOX BSI - Non Person,"2026 Q2 PAM BSI SOX Entitlement Owner Certification[7/23/26, 10:25:07 AM EDT]","2026 Q2, BSI, PAM, SOX",100046302,"Rojo, Ian I",,False,No,No,RSABO,Account Removed,Entitlement Owner,Entitlement,RSABO has privileged (DB Role) access to ECO/eBanking Server:MIA-DC-PHOEBE Instance:PHOECDB DB:PHOECDB through role RESOURCE.,,"Rojo, Ian I",irojo@bpi-gruposantander.com,A,"Oliveros, Jose Manuel","Rojo, Ian I","7/28/26, 9:29 AM","7/28/26, 9:29 AM",,,,100046302
Approved,,SOX BSI - Non Person,Entitlement Owner Access Review for SOX BSI - Non Person,"2026 Q2 PAM BSI SOX Entitlement Owner Certification[7/23/26, 10:25:07 AM EDT]","2026 Q2, BSI, PAM, SOX",100046302,"Rojo, Ian I",,False,No,No,RSABO,Account Removed,Entitlement Owner,Entitlement,RSABO has privileged (Schema Owner) access to ECO/eBanking Server:MIA-DC-PHOEBE Instance:PHOECDB DB:PHOECDB through role SCHEMA OWNER.,,"Rojo, Ian I",irojo@bpi-gruposantander.com,A,"Oliveros, Jose Manuel","Rojo, Ian I","7/28/26, 9:29 AM","7/28/26, 9:29 AM",,,,100046302
Approved,,SOX BSI - Non Person,Entitlement Owner Access Review for SOX BSI - Non Person,"2026 Q2 PAM BSI SOX Entitlement Owner Certification[7/23/26, 10:25:07 AM EDT]","2026 Q2, BSI, PAM, SOX",100046302,"Rojo, Ian I",,False,No,No,GSMUSER,Account Removed,Entitlement Owner,Entitlement,GSMUSER has privileged (DB Permission) access to ECO/eBanking Server:MIA-DC-PHOEBE Instance:PHOECDB DB:PHOECDB through role GSMUSER_ROLE.,,"Rojo, Ian I",irojo@bpi-gruposantander.com,A,"Oliveros, Jose Manuel","Rojo, Ian I","7/28/26, 9:29 AM","7/28/26, 9:29 AM",,,,100046302
Approved,,SOX BSI - Non Person,Entitlement Owner Access Review for SOX BSI - Non Person,"2026 Q2 PAM BSI SOX Entitlement Owner Certification[7/23/26, 10:25:07 AM EDT]","2026 Q2, BSI, PAM, SOX",100046302,"Rojo, Ian I",,False,No,No,XDB,Account Removed,Entitlement Owner,Entitlement,XDB has privileged (Schema Owner) access to ECO/eBanking Server:MIA-DC-PHOEBE Instance:PHOECDB DB:PHOECDB through role SCHEMA OWNER.,,"Rojo, Ian I",irojo@bpi-gruposantander.com,A,"Oliveros, Jose Manuel","Rojo, Ian I","7/28/26, 9:29 AM","7/28/26, 9:29 AM",,,,100046302
Approved,,SOX BSI - Non Person,Entitlement Owner Access Review for SOX BSI - Non Person,"2026 Q2 PAM BSI SOX Entitlement Owner Certification[7/23/26, 10:25:07 AM EDT]","2026 Q2, BSI, PAM, SOX",100046302,"Rojo, Ian I",,False,No,No,BSI_US-MIAOFAC,Account Removed,Entitlement Owner,Entitlement,BSI_US-MIAOFAC HAS PRIVILEGED ACCES TO SOX APPLICATION RECONXPERT WITHIN LOCAL GROUP ADMINISTRATORS ON SERVER:MIA-DC-APP02.,,"Rojo, Ian I",irojo@bpi-gruposantander.com,A,"Oliveros, Jose Manuel","Rojo, Ian I","7/28/26, 6:36 AM","7/28/26, 9:29 AM",,,,100046302
Approved,,SOX BSI - Non Person,Entitlement Owner Access Review for SOX BSI - Non Person,"2026 Q2 PAM BSI SOX Entitlement Owner Certification[7/23/26, 10:25:07 AM EDT]","2026 Q2, BSI, PAM, SOX",100046302,"Rojo, Ian I",,False,No,No,BSI_US-MIAOFAC,Account Removed,Entitlement Owner,Entitlement,BSI_US-MIAOFAC HAS PRIVILEGED ACCES TO SOX APPLICATION RECONXPERT WITHIN LOCAL GROUP BACKUP OPERATORS ON SERVER:MIA-DC-APP02.,,"Rojo, Ian I",irojo@bpi-gruposantander.com,A,"Oliveros, Jose Manuel","Rojo, Ian I","7/28/26, 6:36 AM","7/28/26, 9:29 AM",,,,100046302
Approved,,SOX BSI - Non Person,Entitlement Owner Access Review for SOX BSI - Non Person,"2026 Q2 PAM BSI SOX Entitlement Owner Certification[7/23/26, 10:25:07 AM EDT]","2026 Q2, BSI, PAM, SOX",100045930,"Oliveros, Jose Manuel",,False,No,No,NETWRIX,Account Removed,Entitlement Owner,Entitlement,NETWRIX HAS PRIVILEGED ACCES TO SOX APPLICATION RECONXPERT WITHIN LOCAL GROUP ADMINISTRATORS ON SERVER:MIA-DC-SQL3 THROUGH BSI_US DOMAIN GROUP DOMAIN ADMINS.,,"Rojo, Ian I",irojo@bpi-gruposantander.com,A,"Bermudez Valdes, Luis","Rojo, Ian I","7/28/26, 9:29 AM","7/28/26, 9:29 AM",,,,100046302
Approved,,SOX BSI - Non Person,Entitlement Owner Access Review for SOX BSI - Non Person,"2026 Q2 PAM BSI SOX Entitlement Owner Certification[7/23/26, 10:25:07 AM EDT]","2026 Q2, BSI, PAM, SOX",100046302,"Rojo, Ian I",,False,No,No,MDSYS,Account Removed,Entitlement Owner,Entitlement,MDSYS has privileged (DB Permission) access to ECO/eBanking Server:MIA-DC-PHOEBE Instance:PHOECDB DB:PHOECDB through role CTXAPP.,,"Rojo, Ian I",irojo@bpi-gruposantander.com,A,"Oliveros, Jose Manuel","Rojo, Ian I","7/28/26, 9:29 AM","7/28/26, 9:29 AM",,,,100046302
Approved,,SOX BSI - Non Person,Entitlement Owner Access Review for SOX BSI - Non Person,"2026 Q2 PAM BSI SOX Entitlement Owner Certification[7/23/26, 10:25:07 AM EDT]","2026 Q2, BSI, PAM, SOX",100046302,"Rojo, Ian I",,False,No,No,MDSYS,Account Removed,Entitlement Owner,Entitlement,MDSYS has privileged (DB Role) access to ECO/eBanking Server:MIA-DC-PHOEBE Instance:PHOECDB DB:PHOECDB through role RESOURCE.,,"Rojo, Ian I",irojo@bpi-gruposantander.com,A,"Oliveros, Jose Manuel","Rojo, Ian I","7/28/26, 9:29 AM","7/28/26, 9:29 AM",,,,100046302
Approved,,SOX BSI - Non Person,Entitlement Owner Access Review for SOX BSI - Non Person,"2026 Q2 PAM BSI SOX Entitlement Owner Certification[7/23/26, 10:25:07 AM EDT]","2026 Q2, BSI, PAM, SOX",100046302,"Rojo, Ian I",,False,No,No,MDSYS,Account Removed,Entitlement Owner,Entitlement,MDSYS has privileged (Schema Owner) access to ECO/eBanking Server:MIA-DC-PHOEBE Instance:PHOECDB DB:PHOECDB through role SCHEMA OWNER.,,"Rojo, Ian I",irojo@bpi-gruposantander.com,A,"Oliveros, Jose Manuel","Rojo, Ian I","7/28/26, 9:29 AM","7/28/26, 9:29 AM",,,,100046302
Approved,,SOX BSI - Non Person,Entitlement Owner Access Review for SOX BSI - Non Person,"2026 Q2 PAM BSI SOX Entitlement Owner Certification[7/23/26, 10:25:07 AM EDT]","2026 Q2, BSI, PAM, SOX",100046302,"Rojo, Ian I",,False,No,No,MDSYS,Account Removed,Entitlement Owner,Entitlement,MDSYS has privileged (Instance Permission) access to ECO/eBanking Server:MIA-DC-PHOEBE Instance:PHOECDB DB:PHOECDB.,,"Rojo, Ian I",irojo@bpi-gruposantander.com,A,"Oliveros, Jose Manuel","Rojo, Ian I","7/28/26, 9:29 AM","7/28/26, 9:29 AM",,,,100046302
Approved,,SOX BSI - Non Person,Entitlement Owner Access Review for SOX BSI - Non Person,"2026 Q2 PAM BSI SOX Entitlement Owner Certification[7/23/26, 10:25:07 AM EDT]","2026 Q2, BSI, PAM, SOX",100046302,"Rojo, Ian I",,False,No,No,MIADOMAIN,Account Removed,Entitlement Owner,Entitlement,MIADOMAIN HAS PRIVILEGED ACCESS TO SOX APPLICATIONS VIA THE MIA.USA.SINVEST ENTERPRISE WIDE DOMAIN GROUP DOMAIN ADMINS,,"Rojo, Ian I",irojo@bpi-gruposantander.com,A,"Oliveros, Jose Manuel","Rojo, Ian I","7/28/26, 9:29 AM","7/28/26, 9:29 AM",,,,100046302
Approved,,SOX BSI - Non Person,Entitlement Owner Access Review for SOX BSI - Non Person,"2026 Q2 PAM BSI SOX Entitlement Owner Certification[7/23/26, 10:25:07 AM EDT]","2026 Q2, BSI, PAM, SOX",100046302,"Rojo, Ian I",,False,No,No,MIADOMAIN,Account Removed,Entitlement Owner,Entitlement,MIADOMAIN HAS PRIVILEGED ACCESS TO SOX APPLICATIONS VIA THE MIA.USA.SINVEST ENTERPRISE WIDE DOMAIN GROUP VSPHERE ADMINISTRATORS,,"Rojo, Ian I",irojo@bpi-gruposantander.com,A,"Oliveros, Jose Manuel","Rojo, Ian I","7/28/26, 9:29 AM","7/28/26, 9:29 AM",,,,100046302
Approved,,SOX BSI - Non Person,Entitlement Owner Access Review for SOX BSI - Non Person,"2026 Q2 PAM BSI SOX Entitlement Owner Certification[7/23/26, 10:25:07 AM EDT]","2026 Q2, BSI, PAM, SOX",100046302,"Rojo, Ian I",,False,No,No,MIADOMAIN,Account Removed,Entitlement Owner,Entitlement,MIADOMAIN HAS PRIVILEGED ACCES TO SOX APPLICATION RECONXPERT WITHIN LOCAL GROUP ADMINISTRATORS ON SERVER:MIA-DC-APP02 THROUGH BSI_US DOMAIN GROUP DOMAIN ADMINS.,,"Rojo, Ian I",irojo@bpi-gruposantander.com,A,"Oliveros, Jose Manuel","Rojo, Ian I","7/28/26, 9:29 AM","7/28/26, 9:29 AM",,,,100046302
Approved,,SOX BSI - Non Person,Entitlement Owner Access Review for SOX BSI - Non Person,"2026 Q2 PAM BSI SOX Entitlement Owner Certification[7/23/26, 10:25:07 AM EDT]","2026 Q2, BSI, PAM, SOX",100046302,"Rojo, Ian I",,False,No,No,MIADOMAIN,Account Removed,Entitlement Owner,Entitlement,MIADOMAIN HAS PRIVILEGED ACCES TO SOX APPLICATION RECONXPERT WITHIN LOCAL GROUP ADMINISTRATORS ON SERVER:MIA-DC-SQL3 THROUGH BSI_US DOMAIN GROUP DOMAIN ADMINS.,,"Rojo, Ian I",irojo@bpi-gruposantander.com,A,"Oliveros, Jose Manuel","Rojo, Ian I","7/28/26, 9:29 AM","7/28/26, 9:29 AM",,,,100046302
Approved,,SOX BSI - Non Person,Entitlement Owner Access Review for SOX BSI - Non Person,"2026 Q2 PAM BSI SOX Entitlement Owner Certification[7/23/26, 10:25:07 AM EDT]","2026 Q2, BSI, PAM, SOX",100046302,"Rojo, Ian I",,False,No,No,WMSYS,Account Removed,Entitlement Owner,Entitlement,WMSYS has privileged (Schema Owner) access to ECO/eBanking Server:MIA-DC-PHOEBE Instance:PHOECDB DB:PHOECDB through role SCHEMA OWNER.,,"Rojo, Ian I",irojo@bpi-gruposantander.com,A,"Oliveros, Jose Manuel","Rojo, Ian I","7/28/26, 9:29 AM","7/28/26, 9:29 AM",,,,100046302
Approved,,SOX BSI - Non Person,Entitlement Owner Access Review for SOX BSI - Non Person,"2026 Q2 PAM BSI SOX Entitlement Owner Certification[7/23/26, 10:25:07 AM EDT]","2026 Q2, BSI, PAM, SOX",100046302,"Rojo, Ian I",,False,No,No,WMSYS,Account Removed,Entitlement Owner,Entitlement,WMSYS has privileged (DB Permission) access to ECO/eBanking Server:MIA-DC-PHOEBE Instance:PHOECDB DB:PHOECDB.,,"Rojo, Ian I",irojo@bpi-gruposantander.com,A,"Oliveros, Jose Manuel","Rojo, Ian I","7/28/26, 9:29 AM","7/28/26, 9:29 AM",,,,100046302
Approved,,SOX BSI - Non Person,Entitlement Owner Access Review for SOX BSI - Non Person,"2026 Q2 PAM BSI SOX Entitlement Owner Certification[7/23/26, 10:25:07 AM EDT]","2026 Q2, BSI, PAM, SOX",100046302,"Rojo, Ian I",,False,No,No,WMSYS,Account Removed,Entitlement Owner,Entitlement,WMSYS has privileged (Instance Permission) access to ECO/eBanking Server:MIA-DC-PHOEBE Instance:PHOECDB DB:PHOECDB.,,"Rojo, Ian I",irojo@bpi-gruposantander.com,A,"Oliveros, Jose Manuel","Rojo, Ian I","7/28/26, 9:29 AM","7/28/26, 9:29 AM",,,,100046302
Approved,,SOX BSI - Non Person,Entitlement Owner Access Review for SOX BSI - Non Person,"2026 Q2 PAM BSI SOX Entitlement Owner Certification[7/23/26, 10:25:07 AM EDT]","2026 Q2, BSI, PAM, SOX",100046302,"Rojo, Ian I",,False,No,No,MIAITBACKUP,Account Removed,Entitlement Owner,Entitlement,MIAITBACKUP HAS PRIVILEGED ACCESS TO SOX APPLICATIONS VIA THE MIA.USA.SINVEST ENTERPRISE WIDE DOMAIN GROUP DOMAIN ADMINS,,"Rojo, Ian I",irojo@bpi-gruposantander.com,A,"Oliveros, Jose Manuel","Rojo, Ian I","7/28/26, 9:29 AM","7/28/26, 9:29 AM",,,,100046302
Approved,,SOX BSI - Non Person,Entitlement Owner Access Review for SOX BSI - Non Person,"2026 Q2 PAM BSI SOX Entitlement Owner Certification[7/23/26, 10:25:07 AM EDT]","2026 Q2, BSI, PAM, SOX",100046302,"Rojo, Ian I",,False,No,No,MIAITBACKUP,Account Removed,Entitlement Owner,Entitlement,MIAITBACKUP HAS PRIVILEGED ACCESS TO SOX APPLICATIONS VIA THE MIA.USA.SINVEST ENTERPRISE WIDE DOMAIN GROUP ADMINISTRATORS,,"Rojo, Ian I",irojo@bpi-gruposantander.com,A,"Oliveros, Jose Manuel","Rojo, Ian I","7/28/26, 9:29 AM","7/28/26, 9:29 AM",,,,100046302
Approved,,SOX BSI - Non Person,Entitlement Owner Access Review for SOX BSI - Non Person,"2026 Q2 PAM BSI SOX Entitlement Owner Certification[7/23/26, 10:25:07 AM EDT]","2026 Q2, BSI, PAM, SOX",100046302,"Rojo, Ian I",,False,No,No,MIAITBACKUP,Account Removed,Entitlement Owner,Entitlement,MIAITBACKUP HAS PRIVILEGED ACCESS TO SOX APPLICATIONS VIA THE MIA.USA.SINVEST ENTERPRISE WIDE DOMAIN GROUP SCHEMA ADMINS,,"Rojo, Ian I",irojo@bpi-gruposantander.com,A,"Oliveros, Jose Manuel","Rojo, Ian I","7/28/26, 9:29 AM","7/28/26, 9:29 AM",,,,100046302
Approved,,SOX BSI - Non Person,Entitlement Owner Access Review for SOX BSI - Non Person,"2026 Q2 PAM BSI SOX Entitlement Owner Certification[7/23/26, 10:25:07 AM EDT]","2026 Q2, BSI, PAM, SOX",100046302,"Rojo, Ian I",,False,No,No,MIAITBACKUP,Account Removed,Entitlement Owner,Entitlement,MIAITBACKUP HAS PRIVILEGED ACCESS TO SOX APPLICATIONS VIA THE MIA.USA.SINVEST ENTERPRISE WIDE DOMAIN GROUP ENTERPRISE ADMINS,,"Rojo, Ian I",irojo@bpi-gruposantander.com,A,"Oliveros, Jose Manuel","Rojo, Ian I","7/28/26, 9:29 AM","7/28/26, 9:29 AM",,,,100046302
Approved,,SOX BSI - Non Person,Entitlement Owner Access Review for SOX BSI - Non Person,"2026 Q2 PAM BSI SOX Entitlement Owner Certification[7/23/26, 10:25:07 AM EDT]","2026 Q2, BSI, PAM, SOX",100046302,"Rojo, Ian I",,False,No,No,MIAITBACKUP,Account Removed,Entitlement Owner,Entitlement,MIAITBACKUP HAS PRIVILEGED ACCESS TO SOX APPLICATIONS VIA THE MIA.USA.SINVEST ENTERPRISE WIDE DOMAIN GROUP BACKUP OPERATORS,,"Rojo, Ian I",irojo@bpi-gruposantander.com,A,"Oliveros, Jose Manuel","Rojo, Ian I","7/28/26, 9:29 AM","7/28/26, 9:29 AM",,,,100046302
Approved,,SOX BSI - Non Person,Entitlement Owner Access Review for SOX BSI - Non Person,"2026 Q2 PAM BSI SOX Entitlement Owner Certification[7/23/26, 10:25:07 AM EDT]","2026 Q2, BSI, PAM, SOX",100046302,"Rojo, Ian I",,False,No,No,MIAITBACKUP,Account Removed,Entitlement Owner,Entitlement,MIAITBACKUP HAS PRIVILEGED ACCESS TO SOX APPLICATIONS VIA THE MIA.USA.SINVEST ENTERPRISE WIDE DOMAIN GROUP WKSTADMIN,,"Rojo, Ian I",irojo@bpi-gruposantander.com,A,"Oliveros, Jose Manuel","Rojo, Ian I","7/28/26, 9:29 AM","7/28/26, 9:29 AM",,,,100046302
Approved,,SOX BSI - Non Person,Entitlement Owner Access Review for SOX BSI - Non Person,"2026 Q2 PAM BSI SOX Entitlement Owner Certification[7/23/26, 10:25:07 AM EDT]","2026 Q2, BSI, PAM, SOX",100046302,"Rojo, Ian I",,False,No,No,MIAITBACKUP,Account Removed,Entitlement Owner,Entitlement,MIAITBACKUP HAS PRIVILEGED ACCES TO SOX APPLICATION RECONXPERT WITHIN LOCAL GROUP ADMINISTRATORS ON SERVER:MIA-DC-APP02 THROUGH BSI_US DOMAIN GROUP DOMAIN ADMINS.,,"Rojo, Ian I",irojo@bpi-gruposantander.com,A,"Oliveros, Jose Manuel","Rojo, Ian I","7/28/26, 9:29 AM","7/28/26, 9:29 AM",,,,100046302
Approved,,SOX BSI - Non Person,Entitlement Owner Access Review for SOX BSI - Non Person,"2026 Q2 PAM BSI SOX Entitlement Owner Certification[7/23/26, 10:25:07 AM EDT]","2026 Q2, BSI, PAM, SOX",100046302,"Rojo, Ian I",,False,No,No,MIAITBACKUP,Account Removed,Entitlement Owner,Entitlement,MIAITBACKUP HAS PRIVILEGED ACCES TO SOX APPLICATION RECONXPERT WITHIN LOCAL GROUP ADMINISTRATORS ON SERVER:MIA-DC-SQL3 THROUGH BSI_US DOMAIN GROUP DOMAIN ADMINS.,,"Rojo, Ian I",irojo@bpi-gruposantander.com,A,"Oliveros, Jose Manuel","Rojo, Ian I","7/28/26, 9:29 AM","7/28/26, 9:29 AM",,,,100046302

